pais,1980,1981,1982,1983,1984,1985,1986,1987,1988,1989,1990,1991,1992,1993,1994,1995,1996,1997,1998,1999,2000,2001,2002,2003,2004,2005,2006,2007,2008,2009,2010,2011,2012,2013,2014,2015,2016,2017,2018,2019,2020,2021,2022,2023,2024,2025,2026,2027,2028,2024,2025,2026,2027,2028
Afghanistan,3.3475344493793417,3.3475344493793417,3.3475344493793417,3.3475344493793417,3.3475344493793417,3.3475344493793417,3.3475344493793417,3.3475344493793417,3.3475344493793417,3.3475344493793417,3.3475344493793417,3.3475344493793417,3.3475344493793417,3.3475344493793417,3.3475344493793417,3.3475344493793417,3.3475344493793417,3.3475344493793417,3.3475344493793417,3.3475344493793417,3.3475344493793417,3.3475344493793417,3.3475344493793417,8.7,0.7,11.8,5.4,13.3,3.9,20.6,8.4,6.5,14.0,5.7,2.7,1.0,2.2,2.6,1.2,3.9,-2.4,3.3475344493793417,3.3475344493793417,3.3475344493793417,3.3475344493793417,3.3475344493793417,3.3475344493793417,3.3475344493793417,3.3475344493793417,3.0038363951740985,3.2048075128451696,3.0872933470133184,3.1560075947678534,3.1158282018321306
Albania,2.7,5.7,2.9,1.1,2.0,-1.5,5.6,-0.8,-1.4,9.8,-10.0,-28.0,-7.2,9.6,9.4,8.9,9.1,-10.9,8.8,12.9,6.9,8.3,4.5,5.5,5.5,5.5,5.9,6.0,7.5,3.4,3.7,2.5,1.4,1.0,1.8,2.2,3.3,3.8,4.0,2.1,-3.5,8.5,3.7,2.2,3.3,3.4,3.4,3.4,3.4,2.6099046863982855,2.7482770946657107,2.794987766695263,2.810755988906411,2.8160789016562604
Algeria,-5.4,3.0,6.4,5.4,5.6,5.6,-0.2,-0.7,-1.9,4.8,0.8,-1.2,1.6,-2.1,-0.9,3.8,3.8,1.1,5.1,3.2,3.8,3.0,5.6,7.2,4.3,5.9,1.7,3.4,2.4,1.6,3.6,2.9,3.4,2.8,3.8,3.7,3.2,1.4,1.2,1.0,-5.1,3.4,2.9,2.6,2.6,2.2,2.1,1.7,1.8,2.4360041517429587,2.3839036355337155,2.367942176696814,2.363052241111936,2.3615541656372194
Andorra,3.3475344493793417,3.3475344493793417,3.3475344493793417,3.3475344493793417,3.3475344493793417,3.3475344493793417,3.3475344493793417,3.3475344493793417,3.3475344493793417,3.3475344493793417,3.3475344493793417,3.3475344493793417,3.3475344493793417,3.3475344493793417,3.3475344493793417,3.3475344493793417,3.3475344493793417,3.3475344493793417,3.3475344493793417,3.3475344493793417,3.3475344493793417,8.1,4.5,8.7,8.1,5.4,4.8,1.6,-5.6,-5.3,-2.0,0.0,-5.0,-3.5,2.5,1.4,3.7,0.3,1.6,2.0,-11.2,8.9,8.7,1.3,1.5,1.5,1.5,1.5,1.5,2.8739890985271437,2.7554943944371897,2.677931489984943,2.6271612535151223,2.5939286543827826
Angola,2.4,-4.4,0.0,4.2,6.0,3.5,2.9,4.1,6.1,0.0,-3.5,12.1,11.4,11.0,10.5,10.4,11.2,7.3,4.7,2.2,3.1,4.2,13.7,3.0,11.0,15.0,11.5,14.0,11.2,0.9,4.9,3.5,8.5,5.0,4.8,0.9,-2.6,-0.2,-1.3,-0.7,-5.6,1.1,2.8,3.5,3.7,4.0,4.1,4.2,4.2,3.824674264701595,4.092670372220412,4.2753133071612295,4.399786912366311,4.484617340643052
Antigua and Barbuda,8.2,3.8,-0.1,5.4,10.2,7.6,11.5,6.6,5.2,5.3,3.0,2.2,1.2,5.3,6.7,-4.4,6.6,5.5,4.7,3.7,6.2,-4.5,1.0,6.1,5.8,6.5,12.7,9.3,0.0,-12.0,-7.8,-2.0,3.4,-0.6,3.8,3.8,5.5,3.1,6.9,4.9,-20.2,5.3,6.4,5.5,5.4,4.1,2.7,2.7,2.7,3.9459341515240536,3.346020802054513,3.3861063353920144,3.3834278652689997,3.383606837621431
Argentina,0.7,-5.7,-3.1,3.7,2.0,-7.0,7.1,2.5,-2.0,-7.0,-1.3,10.5,10.3,6.3,5.8,-2.8,5.5,8.1,3.9,-3.4,-0.8,-4.4,-10.9,9.0,8.9,8.9,8.0,9.0,4.1,-5.9,10.1,6.0,-1.0,2.4,-2.5,2.7,-2.1,2.8,-2.6,-2.0,-9.9,10.4,5.2,0.2,2.0,2.0,2.0,2.0,2.0,1.5975895813925947,1.8492109982506963,1.8050764060699993,1.8128176478580738,1.8114598280287646
Armenia,3.3475344493793417,3.3475344493793417,3.3475344493793417,3.3475344493793417,3.3475344493793417,3.3475344493793417,3.3475344493793417,3.3475344493793417,3.3475344493793417,3.3475344493793417,3.3475344493793417,3.3475344493793417,3.3475344493793417,-14.1,5.4,8.0,5.2,3.4,6.3,3.2,5.9,9.5,14.8,14.1,10.5,14.1,13.2,13.7,6.9,-14.1,2.2,4.7,7.1,3.4,3.6,3.3,0.2,7.5,5.2,7.6,-7.2,5.7,12.6,5.5,5.0,4.5,4.5,4.5,4.5,4.630305809831612,4.760520313046813,4.777541704880009,4.779766708798815,4.780057557072987
Aruba,3.3475344493793417,3.3475344493793417,3.3475344493793417,3.3475344493793417,3.3475344493793417,3.3475344493793417,3.3475344493793417,16.1,18.6,12.1,4.0,8.0,5.9,7.3,8.2,2.5,1.3,7.0,2.0,1.4,7.7,4.2,-0.9,1.1,7.3,-0.4,1.1,3.1,1.8,-11.7,-2.7,3.4,-1.0,6.4,0.0,3.6,2.1,5.5,5.3,0.6,-18.6,17.2,5.7,1.6,1.2,1.2,1.1,1.1,1.1,3.6317531398658374,3.6430239190051843,3.6404889572199934,3.64105910691177,3.6409308719723197
Australia,2.9,4.1,0.1,-0.5,6.3,5.5,2.4,4.9,4.3,4.6,1.5,-1.0,2.6,3.9,4.8,3.0,4.0,4.6,4.6,4.4,3.1,2.7,4.2,3.0,4.1,3.0,2.6,4.4,2.5,1.9,2.4,2.8,3.8,2.2,2.6,2.3,2.7,2.4,2.8,1.9,-1.8,5.2,3.7,1.6,1.7,2.1,2.2,2.3,2.3,3.56065879077018,2.7071773130040695,3.2300990683143533,2.909708797054449,3.106009533972702
Austria,2.3,-0.1,1.9,2.8,0.3,2.2,2.3,1.7,1.0,3.9,4.3,3.4,2.1,0.5,2.4,2.7,2.4,2.1,3.6,3.6,3.4,1.3,1.7,0.9,2.7,2.2,3.5,3.7,1.5,-3.8,1.8,2.9,0.7,0.0,0.7,1.0,2.0,2.3,2.4,1.5,-6.5,4.6,5.0,0.4,1.1,1.8,1.7,1.7,1.5,1.9069107204869302,1.8054104025570685,1.8919888099875914,1.8181385917214246,1.8811318356470197
Azerbaijan,3.3475344493793417,3.3475344493793417,3.3475344493793417,3.3475344493793417,3.3475344493793417,3.3475344493793417,3.3475344493793417,3.3475344493793417,3.3475344493793417,3.3475344493793417,3.3475344493793417,3.3475344493793417,3.3475344493793417,-23.1,-19.7,-13.0,2.5,8.9,6.0,11.4,6.2,6.5,9.4,10.2,9.3,28.0,34.5,25.5,10.6,9.4,4.8,-1.6,2.2,5.8,2.8,1.0,-3.1,0.2,1.5,2.5,-4.2,5.6,4.6,3.0,2.6,2.5,2.5,2.6,2.6,3.305989384544522,3.6765431215794444,3.902266867105628,4.039767057232082,4.123525645592992
"Bahamas, The",7.1,-2.9,6.3,6.8,2.4,4.1,2.6,3.7,2.3,2.3,1.1,-4.2,-3.8,0.3,3.1,4.4,4.2,4.9,4.7,7.1,4.1,2.6,2.7,-1.3,0.9,3.4,2.5,1.4,-2.3,-4.2,1.5,0.6,3.1,-2.9,1.8,1.0,-0.9,3.1,1.8,1.9,-23.8,13.7,11.0,4.3,1.8,1.6,1.6,1.5,1.5,2.40183455550153,2.315176839003528,2.240420754979451,2.1759317247527683,2.120299663846013
Bahrain,7.5,2.8,6.4,7.0,4.2,-0.9,0.5,-1.2,6.0,1.0,3.5,2.3,7.1,7.6,3.2,1.9,3.2,2.3,4.8,6.0,7.0,2.5,3.3,6.3,7.0,6.8,6.5,8.3,6.2,2.5,4.3,2.0,3.7,5.4,4.4,2.5,3.6,4.3,2.1,2.2,-4.6,2.7,4.2,3.0,3.8,3.2,2.7,2.7,2.7,3.6309624988185827,3.811515329942817,3.881672630388957,3.908933608659097,3.919526389902377
Bangladesh,3.3475344493793417,3.8,2.4,4.0,5.2,3.2,4.2,3.7,2.2,2.6,5.9,3.3,5.0,4.6,4.1,4.9,4.6,4.5,5.2,4.7,5.3,5.1,3.8,4.7,5.2,6.5,6.7,7.1,6.0,5.0,5.6,6.5,6.5,6.0,6.1,6.6,7.1,6.6,7.3,7.9,3.4,6.9,7.1,5.5,6.5,7.1,7.3,7.4,7.0,6.2933377842735485,6.245517614290671,6.248400079619466,6.248226332717799,6.248236805692283
Barbados,4.4,-1.9,-4.9,0.5,3.6,1.1,5.1,2.6,3.5,3.6,-3.3,-3.9,-5.7,0.8,2.0,2.0,4.0,4.7,3.7,0.3,4.5,-2.4,0.8,2.2,1.4,4.0,5.7,2.2,0.7,-5.1,-2.3,-0.7,-0.4,-1.4,-0.1,2.4,2.5,0.5,-0.6,-0.5,-13.3,-0.2,10.0,4.9,3.9,2.8,2.3,2.0,2.0,1.288702788578588,0.8210886239852172,0.8879264578326392,0.878373077350035,0.8797385775973013
Belarus,3.3475344493793417,3.3475344493793417,4.0,4.3,3.0,1.7,3.6,2.8,5.3,3.0,-2.3,-1.2,-9.6,-7.6,-11.7,-11.1,2.8,11.4,8.4,3.4,5.8,4.7,5.0,7.0,11.4,9.5,10.0,8.6,10.2,0.2,7.8,5.3,1.6,1.0,1.7,-3.8,-2.5,2.5,3.1,1.4,-0.7,2.3,-4.7,0.7,1.2,1.0,0.7,0.6,0.7,1.4223244670458652,1.7516610015544698,1.9662037458950767,2.1059653099070297,2.1970114780498977
Belgium,4.4,-0.3,0.6,0.3,2.5,1.7,1.8,2.3,4.7,3.5,3.1,1.8,1.5,-1.0,3.2,2.4,1.3,3.8,2.0,3.5,3.7,1.1,1.7,1.0,3.6,2.3,2.6,3.7,0.4,-2.0,2.9,1.7,0.7,0.5,1.6,2.0,1.3,1.6,1.8,2.2,-5.4,6.1,3.1,0.7,1.1,1.2,1.2,1.2,1.3,1.9272614226965468,1.8833375629083247,1.868240147228653,1.8630508956168008,1.8612672570880313
Belize,5.0,0.2,-7.6,6.1,11.3,-1.4,7.3,22.0,10.9,15.5,11.2,11.5,12.0,6.3,0.2,0.6,1.1,3.6,3.9,9.0,13.0,5.0,5.1,9.3,4.6,2.4,4.4,3.3,-1.5,-0.4,1.3,-0.1,3.9,4.5,4.1,3.4,0.1,-1.7,1.1,4.5,-13.4,15.2,11.4,3.0,2.0,2.0,2.0,2.0,2.0,5.079135249015632,4.967037524680433,4.895577164059655,4.850022420015238,4.820982058520771
Benin,9.3,1.9,1.7,-2.0,0.4,4.3,2.7,-2.1,3.4,-2.8,9.0,4.2,3.0,5.8,2.0,6.0,4.3,5.7,4.0,4.4,5.9,5.3,4.6,3.4,4.4,1.7,3.9,6.0,4.9,2.3,2.1,3.0,4.8,7.2,6.4,1.8,3.3,5.7,6.7,6.9,3.8,7.2,6.0,6.0,5.9,6.1,6.0,6.0,5.9,5.340245790928574,5.355143604126455,5.35480719878788,5.3548147951075755,5.354814623576193
Bhutan,5.0,13.6,8.2,7.3,7.6,4.3,8.0,20.2,15.1,6.2,9.1,4.9,2.1,3.2,2.2,6.0,6.0,5.5,6.0,7.1,6.9,7.0,9.5,9.3,6.9,6.7,7.1,12.9,11.0,5.8,9.5,9.9,6.5,3.6,4.0,6.2,7.4,6.3,3.8,4.4,-2.3,-3.3,4.3,4.7,3.4,5.4,7.2,4.0,3.9,5.377377204577876,5.735654839691921,5.925154667786822,6.025384716577244,6.07839828804866
Bolivia,0.6,0.3,-3.9,-4.0,-0.2,-1.7,-2.6,2.5,2.9,3.8,4.6,5.3,1.6,4.3,4.7,4.7,4.4,5.0,5.0,0.4,2.5,1.7,2.5,2.7,4.2,4.4,4.8,4.6,6.1,3.4,4.1,5.2,5.1,6.8,5.5,4.9,4.3,4.2,4.2,2.2,-8.7,6.1,3.2,1.8,1.9,2.1,2.2,2.3,2.3,2.2910295177959723,2.342380147491197,2.383884877432315,2.417431547019609,2.444546023899608
Bosnia and Herzegovina,3.3475344493793417,3.3475344493793417,3.3475344493793417,3.3475344493793417,3.3475344493793417,3.3475344493793417,3.3475344493793417,3.3475344493793417,3.3475344493793417,3.3475344493793417,3.3475344493793417,3.3475344493793417,3.3475344493793417,3.3475344493793417,3.3475344493793417,20.7,62.2,22.9,13.8,10.7,4.4,2.4,5.1,3.9,6.3,4.2,5.7,6.0,5.6,-0.8,0.8,0.9,-0.7,2.4,1.1,4.3,3.2,3.2,3.8,2.9,-3.0,7.4,3.8,2.0,3.0,3.0,3.0,3.0,3.0,3.913465331296755,5.072688417543349,5.481483040092529,5.625642559867291,5.676479743125958
Botswana,12.0,8.2,15.9,10.8,6.5,7.7,8.6,14.9,23.4,4.7,8.8,6.2,-0.2,4.0,-0.8,8.5,2.5,7.1,-1.6,8.0,4.3,2.3,7.4,5.4,1.4,5.0,6.0,5.8,3.3,-14.1,10.1,6.8,-0.2,11.1,5.7,-4.9,7.2,4.1,4.2,3.0,-8.7,11.8,6.4,3.7,4.3,4.0,4.0,4.0,4.0,4.730791909230838,4.8212453589952045,4.90455817861382,4.9812940679677995,5.051972227006248
Brazil,9.2,-4.4,0.6,-3.4,5.3,7.9,7.5,3.6,0.3,3.2,-4.2,1.0,-0.5,4.7,5.3,4.4,2.2,3.4,0.3,0.5,4.4,1.4,3.1,1.1,5.8,3.2,4.0,6.1,5.1,-0.1,7.5,4.0,1.9,3.0,0.5,-3.5,-3.3,1.3,1.8,1.2,-3.3,5.0,2.9,0.9,1.5,1.9,2.0,2.0,2.0,2.137387786512863,2.2641587982579696,2.299302018938415,2.309044356266113,2.311745108637949
Brunei Darussalam,3.3475344493793417,3.3475344493793417,3.3475344493793417,3.3475344493793417,3.3475344493793417,3.3475344493793417,-2.7,2.0,1.1,-1.1,1.1,3.1,4.8,0.3,3.1,4.5,2.9,-1.5,-0.6,3.1,2.9,2.7,3.9,2.9,0.5,0.4,4.4,0.2,-1.9,-1.8,2.6,3.7,0.9,-2.1,-2.5,-0.4,-2.5,1.3,0.1,3.9,1.1,-1.6,-1.5,3.3,3.5,3.1,2.4,3.2,3.1,1.529611500369462,1.0576576907720976,0.9318432729536646,0.8983034065322122,0.889362279918311
Bulgaria,5.7,5.3,4.2,3.0,4.6,1.8,5.3,4.7,2.4,-0.5,-9.1,-10.8,-8.4,-11.6,-3.7,-1.6,-8.0,-14.1,3.8,-8.4,4.6,3.8,5.9,5.2,6.5,7.1,6.8,6.7,6.1,-3.3,1.5,2.1,0.8,-0.6,1.0,3.4,3.0,2.8,2.7,4.0,-4.0,7.6,3.4,1.4,3.5,2.9,2.8,2.8,2.8,2.7669204881903076,2.308158528984052,2.462126910490571,2.4104524810222836,2.427795305794134
Burkina Faso,4.0,2.7,1.4,-1.2,1.6,11.3,8.0,-0.2,5.8,2.2,-0.6,9.1,0.2,3.5,1.3,5.7,11.0,6.3,7.3,7.3,1.9,6.6,4.4,7.8,4.5,8.7,6.3,4.1,5.8,3.0,8.4,6.6,6.5,5.8,4.3,3.9,6.0,6.2,6.6,5.7,1.9,6.9,2.5,4.9,5.9,5.8,5.3,5.2,5.2,4.90111880073416,4.907104925442063,4.908026624425993,4.908168540783976,4.908190392009826
Burundi,-6.8,12.2,-1.1,3.7,0.2,11.8,3.2,5.5,5.0,1.3,3.5,5.8,1.0,-6.2,-3.8,-7.9,-8.0,0.4,4.8,1.2,1.8,1.7,2.4,2.5,3.8,4.4,5.4,3.5,4.9,3.8,5.1,4.0,4.4,4.9,4.2,-3.9,-0.6,0.5,1.6,1.8,0.3,3.1,1.8,3.3,6.0,5.9,5.7,5.9,5.5,2.2830593087837885,2.1887138530261776,2.1263170539578793,2.0850499838832772,2.0577573807694853
Cabo Verde,5.3,8.4,2.8,9.5,3.8,8.6,2.9,4.3,6.0,5.7,0.7,1.4,3.0,7.3,6.9,7.5,6.7,7.6,8.4,11.9,7.3,6.1,5.3,7.5,4.9,5.8,9.1,9.2,6.7,-1.3,1.5,4.0,1.1,0.8,0.6,1.0,4.7,3.7,14.6,5.7,-14.8,7.0,10.5,4.4,5.4,5.3,5.0,4.5,4.5,5.340886279834295,4.960187138213538,5.133423614708343,5.054592660005978,5.090464547642025
Cambodia,3.3475344493793417,3.3475344493793417,3.3475344493793417,3.3475344493793417,3.3475344493793417,3.3475344493793417,3.3475344493793417,3.3475344493793417,9.6,3.3,1.1,7.6,7.1,4.0,8.2,6.0,5.9,4.0,4.7,12.7,9.6,8.6,6.6,8.5,10.3,13.3,10.8,10.2,6.7,0.1,6.0,7.1,7.3,7.4,7.1,7.0,6.9,7.0,7.5,7.1,-3.1,3.0,5.0,5.8,6.2,6.4,6.5,6.2,6.3,5.399719737890943,5.284373783725846,5.251135349554361,5.241557263229887,5.238797213307987
Cameroon,9.9,17.1,7.6,6.8,7.5,8.1,6.8,-2.2,-7.9,-1.8,-6.2,-3.8,-3.1,-3.2,-2.5,3.3,4.9,5.3,4.9,4.1,3.4,3.4,4.8,5.0,6.6,1.2,3.5,4.1,2.9,2.6,2.9,3.5,4.5,5.0,5.8,5.6,4.5,3.5,4.0,3.4,0.5,3.6,3.4,4.3,4.4,4.5,4.6,4.7,4.7,4.151086529793579,4.077668679693121,4.0217108203976695,3.9790606745183625,3.9465534455709173
Canada,2.2,3.5,-3.2,2.6,5.9,4.7,2.1,4.1,4.4,2.3,0.2,-2.1,0.9,2.7,4.5,2.7,1.6,4.3,3.9,5.2,5.2,1.8,3.0,1.8,3.1,3.2,2.6,2.1,1.0,-2.9,3.1,3.1,1.8,2.3,2.9,0.7,1.0,3.0,2.8,1.9,-5.1,5.0,3.4,1.5,1.5,2.2,1.9,1.7,1.7,2.8812715470456585,1.8126624858899412,2.678785933365733,1.9767800702898293,2.545766204113113
Central African Republic,-3.0,13.0,-3.6,-6.0,9.9,3.7,7.2,0.0,1.7,3.8,1.4,-0.8,-4.9,-1.2,12.6,3.2,-6.2,4.1,3.3,2.9,-3.6,2.6,2.1,-2.2,-0.1,2.9,4.8,4.0,2.6,2.8,4.6,4.2,5.1,-36.4,0.1,4.3,4.7,4.5,3.8,3.0,1.0,1.0,0.4,2.5,3.8,3.8,3.8,3.7,3.3,2.413036232230734,2.0604192474779275,1.8161437697969882,1.6469218900339313,1.529693403317203
Chad,-6.0,-10.8,5.4,15.7,5.3,7.9,6.0,3.6,7.5,2.0,3.2,10.4,2.4,-2.1,5.5,-0.8,2.1,5.7,7.0,-0.7,-0.9,11.7,8.5,14.7,33.6,8.3,0.6,3.3,3.1,4.1,13.6,0.1,8.8,5.8,6.9,1.8,-5.6,-2.4,2.4,3.4,-2.1,-1.1,2.5,3.5,3.7,3.4,3.8,3.7,3.7,4.169263638849812,4.399697094505429,4.368662548018344,4.372842249585196,4.372279331573966
Chile,7.9,6.2,-13.6,-2.8,5.9,2.0,5.6,6.6,7.3,10.6,3.7,7.8,11.2,6.6,5.0,8.9,5.0,7.4,4.2,-0.3,5.0,3.2,3.2,4.7,6.7,5.8,6.0,5.2,3.8,-1.1,5.9,6.2,6.2,3.3,1.8,2.2,1.8,1.4,4.0,0.7,-6.1,11.7,2.4,-1.0,1.9,2.2,2.2,2.4,2.5,5.747288340071837,2.8914648197594293,4.816735901746414,3.5188024990794835,4.393812326796797
"China, People's Republic of",7.9,5.1,9.0,10.8,15.2,13.5,8.9,11.7,11.2,4.2,3.9,9.0,14.3,13.9,13.0,11.0,9.9,9.2,7.9,7.7,8.5,8.3,9.1,10.0,10.1,11.4,12.7,14.2,9.6,9.4,10.6,9.6,7.8,7.8,7.4,7.0,6.9,6.9,6.8,6.0,2.2,8.4,3.0,5.2,4.5,4.1,4.0,3.6,3.4,6.132210331316533,6.670514210195181,6.981357220920629,7.160853191706014,7.264502951927404
Colombia,4.4,2.3,0.9,1.6,3.4,3.1,5.8,5.4,4.1,3.4,4.3,2.4,4.4,5.7,5.1,5.2,2.1,3.4,0.6,-4.2,2.9,1.7,2.5,3.9,5.3,4.4,6.7,6.7,3.3,1.1,4.5,6.9,3.9,5.1,4.5,3.0,2.1,1.4,2.6,3.2,-7.3,11.0,7.5,1.0,1.9,2.9,3.3,3.3,3.3,4.459365332323291,2.597742179161516,4.190099491163111,2.8280613123950356,3.993093800040621
Comoros,7.4,5.5,4.1,3.1,4.2,2.9,2.2,2.2,5.1,-0.8,7.4,-6.2,7.4,2.5,-4.0,5.6,-0.5,4.4,0.0,2.7,-1.0,5.4,4.6,2.0,3.1,5.7,-1.8,0.8,4.0,3.2,3.8,4.1,3.2,4.5,2.1,1.1,3.3,3.8,3.6,1.8,-0.2,2.1,2.4,3.0,3.6,4.1,4.3,4.3,4.2,2.557792683882584,2.7432478066854995,2.665849663890739,2.698151130776851,2.6846703840131805
"Congo, Dem. Rep. of the",2.4,0.9,-0.5,1.4,4.8,0.5,4.7,2.7,0.5,-1.3,-6.6,-8.4,-10.5,-13.5,-6.1,2.8,-1.9,-7.8,-3.9,-3.8,-8.1,-2.1,2.9,6.6,7.7,9.8,5.1,8.5,7.4,0.6,7.8,7.6,8.7,9.6,7.3,6.4,0.4,3.7,4.8,4.5,1.7,6.2,6.6,6.3,6.5,6.8,7.0,6.7,6.5,5.571899720917482,4.987806947454015,4.519239117151644,4.143347098675911,3.841800982156172
"Congo, Republic of ",12.7,2.6,2.4,2.4,2.4,2.4,2.3,2.3,21.9,21.3,1.0,3.4,4.2,1.3,-1.4,4.0,3.5,-1.0,8.9,-3.7,11.8,-4.8,1.0,0.5,-0.2,9.2,8.0,-6.6,6.3,11.6,9.9,2.2,9.9,-0.7,6.7,-3.6,-10.8,-4.4,-4.8,1.0,-6.2,1.5,2.8,4.1,4.6,3.5,4.0,4.1,4.0,3.249150972132103,3.227431157590896,3.2163392448050483,3.210674807430805,3.2077820826694214
Costa Rica,0.8,-2.3,-7.3,2.9,8.0,0.7,5.5,4.8,3.4,5.7,3.6,2.3,9.2,7.1,4.5,4.2,1.4,5.5,7.2,4.2,3.9,3.5,3.4,4.3,4.4,4.0,7.3,8.2,4.7,-0.9,5.4,4.4,4.9,2.5,3.5,3.7,4.2,4.2,2.6,2.4,-4.3,7.8,4.3,2.7,3.2,3.2,3.3,3.2,3.2,4.492884054461433,3.1099069968192463,4.162892181482775,3.3611595764522755,3.971590928508177
Croatia,3.3475344493793417,3.3475344493793417,3.3475344493793417,3.3475344493793417,3.3475344493793417,3.3475344493793417,3.3475344493793417,3.3475344493793417,3.3475344493793417,3.3475344493793417,3.3475344493793417,3.3475344493793417,3.3475344493793417,-8.0,5.9,6.6,5.9,6.6,1.9,-0.9,3.7,3.1,5.8,5.6,4.2,4.3,4.9,5.0,2.0,-7.2,-1.2,-0.1,-2.3,-0.4,-0.4,2.5,3.6,3.4,2.8,3.4,-8.6,13.1,6.3,1.7,2.3,2.7,2.9,2.8,2.8,2.8623086398542315,2.5334794632526902,2.7286139746480957,2.6128168366597473,2.6815334212884996
Cyprus,5.9,3.1,6.3,5.3,8.8,4.7,3.6,7.1,8.3,8.1,7.4,0.7,9.4,0.7,5.9,9.9,1.2,2.6,6.1,5.0,6.0,4.0,3.7,2.6,5.0,4.9,4.7,5.1,3.6,-2.0,2.3,0.4,-3.4,-6.6,-1.8,3.4,6.6,5.7,5.6,5.5,-4.4,6.6,5.6,2.5,2.8,3.0,3.1,2.9,2.9,3.7948444124945904,3.857725356981419,3.903154556243324,3.9359755032316466,3.9596874457424533
Czech Republic,3.3475344493793417,3.3475344493793417,3.3475344493793417,3.3475344493793417,3.3475344493793417,3.3475344493793417,3.3475344493793417,3.3475344493793417,3.3475344493793417,3.3475344493793417,3.3475344493793417,3.3475344493793417,3.3475344493793417,3.3475344493793417,3.3475344493793417,3.3475344493793417,4.5,-0.5,-0.4,1.4,4.0,3.0,1.6,3.6,4.8,6.6,6.8,5.6,2.7,-4.7,2.4,1.8,-0.8,0.0,2.3,5.4,2.5,5.2,3.2,3.0,-5.5,3.6,2.4,-0.5,2.0,3.4,2.8,2.5,2.5,1.9025655394858239,2.569658343020043,2.6463316233107634,2.6551441781448046,2.6561570619344184
CÃ´te d'Ivoire,5.2,3.5,0.2,-2.5,-2.0,3.6,4.8,-0.5,1.1,3.0,-1.1,0.0,-0.3,-0.2,0.2,5.6,8.1,5.7,4.9,1.6,-2.1,0.1,-1.7,-1.4,1.2,1.7,1.5,1.8,2.5,3.3,2.0,-4.9,10.9,9.3,8.8,8.8,7.2,6.1,3.8,8.3,1.7,7.0,6.7,6.2,6.6,6.4,6.3,6.1,6.0,4.823346179469381,4.1600976855576715,3.7528051420763147,3.5026919228254987,3.349100546196552
Denmark,-0.5,-0.7,3.7,2.6,4.2,4.0,4.9,0.3,0.0,0.6,1.5,1.4,2.0,0.0,5.3,3.0,2.9,3.3,2.2,2.9,3.7,0.8,0.5,0.4,2.7,2.3,3.9,0.9,-0.5,-4.9,1.9,1.3,0.2,0.9,1.6,2.3,3.2,2.8,2.0,1.5,-2.0,4.9,3.6,0.0,1.0,1.4,1.5,1.5,1.5,1.3293871087813491,1.7151072422910625,1.7418400466879393,1.74369279630829,1.7438212033809168
Djibouti,3.3475344493793417,3.3475344493793417,3.3475344493793417,3.3475344493793417,3.3475344493793417,3.3475344493793417,3.3475344493793417,3.3475344493793417,3.3475344493793417,3.3475344493793417,3.3475344493793417,-4.5,0.6,-6.8,-1.4,-3.5,-3.7,-1.2,0.1,2.9,0.7,1.8,3.2,3.2,2.8,3.1,4.8,5.0,5.8,1.6,4.1,7.3,4.8,5.0,7.1,7.5,7.1,5.5,4.8,5.5,1.2,4.8,2.5,4.0,6.0,5.5,5.0,5.0,5.0,3.158363127236287,3.6269260600081266,3.3660638888358974,3.511293200822095,3.4304399557340632
Dominica,13.4,10.8,4.1,2.6,4.2,1.4,7.1,6.3,7.8,-0.2,5.4,1.3,2.0,2.2,0.0,3.0,3.1,2.2,3.8,0.4,2.3,-0.1,-2.8,6.4,3.1,0.7,4.7,6.4,7.1,-1.2,0.7,-0.2,-1.1,-1.0,4.8,-2.7,2.8,-6.6,3.5,5.5,-16.6,4.8,6.0,4.9,4.7,4.3,2.7,2.7,2.7,2.061251561728893,2.1233562517558253,2.1801976684554094,2.2322218658391275,2.2798370955531313
Dominican Republic,8.0,4.3,1.7,4.6,1.3,-2.1,3.5,10.1,2.2,4.4,-5.5,0.9,11.2,7.4,2.6,5.7,6.0,8.9,6.7,5.9,4.7,2.5,4.5,-1.3,2.6,9.4,9.2,7.4,3.2,0.9,8.3,3.1,2.7,4.9,7.1,6.9,6.7,4.7,7.0,5.1,-6.7,12.3,4.9,4.2,5.0,5.0,5.0,5.0,5.0,4.094722089584624,4.199344272275731,4.284793083118057,4.354582291167034,4.411581721727754
Ecuador,4.9,3.9,1.2,-2.8,4.2,4.4,3.1,-6.0,10.5,0.3,3.0,5.1,3.6,2.0,4.3,2.3,1.7,4.3,3.3,-4.7,1.1,4.0,4.1,2.7,8.2,5.3,4.4,2.2,6.4,0.6,3.5,7.9,5.6,4.9,3.8,0.1,-1.2,2.4,1.3,0.0,-7.8,4.2,3.0,2.9,2.8,2.8,2.8,2.8,2.8,2.675060383072609,2.6838409774875687,2.684101818095109,2.6841095667530386,2.684109796938439
Egypt,3.4,2.2,7.3,8.9,8.0,7.4,4.8,4.3,4.0,3.0,2.3,2.1,0.3,2.9,4.2,4.5,4.9,5.9,7.5,6.1,5.4,3.5,3.2,3.2,4.1,4.5,6.8,7.1,7.2,4.7,5.1,1.8,2.2,3.3,3.3,4.4,4.5,2.4,5.3,5.5,3.5,3.3,6.6,3.7,5.0,5.5,5.8,5.9,6.0,3.629986243190846,4.07921323326563,4.286508846828515,4.382165324181444,4.42630596711307
El Salvador,-8.6,-5.7,-6.3,1.5,1.3,0.6,0.2,2.5,1.9,1.0,4.8,1.5,7.0,5.8,4.7,4.7,0.8,3.1,2.7,2.2,1.1,0.9,1.6,1.6,0.9,2.7,4.3,1.9,2.1,-2.1,2.1,3.8,2.8,2.2,1.7,2.4,2.5,2.3,2.4,2.4,-8.2,10.3,2.8,2.4,1.9,2.0,2.1,2.1,2.1,2.1680066156875935,2.021776460542611,1.895869580194703,1.7874614170273637,1.6941199744561386
Equatorial Guinea,4.8,5.8,2.2,5.0,1.0,12.9,-2.3,4.4,2.7,-1.2,2.5,-1.2,33.0,10.5,16.8,26.5,52.7,148.0,24.8,26.4,110.5,60.0,19.6,14.5,30.4,8.2,6.5,15.3,17.8,1.3,-8.9,6.5,8.3,-4.1,0.4,-9.1,-8.8,-5.7,-6.2,-5.5,-4.2,-3.2,1.6,-1.8,-8.2,-8.6,-1.6,-1.1,-0.3,-2.0522141236168214,-2.0634168624501603,-2.0639144609016995,-2.0639365630164286,-2.0639375447386867
Eritrea,3.3475344493793417,3.3475344493793417,3.3475344493793417,3.3475344493793417,3.3475344493793417,3.3475344493793417,3.3475344493793417,3.3475344493793417,3.3475344493793417,3.3475344493793417,3.3475344493793417,3.3475344493793417,3.3475344493793417,12.9,20.9,2.3,9.1,7.9,2.0,0.2,-12.4,8.8,3.0,-2.7,1.5,2.6,-1.0,1.4,-19.4,12.2,10.9,25.7,1.9,-10.5,30.9,-20.6,7.4,-10.0,13.0,3.8,-0.5,2.9,2.6,2.8,2.9,2.9,2.9,2.9,2.9,3.603360217243851,3.421225157002887,3.51219077953397,3.46675886504414,3.4894494023787903
Estonia,3.3475344493793417,3.3475344493793417,3.3475344493793417,3.3475344493793417,3.3475344493793417,3.3475344493793417,3.3475344493793417,3.3475344493793417,3.3475344493793417,3.3475344493793417,3.3475344493793417,3.3475344493793417,3.3475344493793417,3.3475344493793417,-1.6,2.2,4.9,13.0,4.3,-0.4,10.1,6.0,6.8,7.6,6.8,9.5,9.8,7.6,-5.1,-14.6,2.4,7.3,3.2,1.5,3.0,1.9,3.2,5.8,3.8,3.7,-0.6,8.0,-1.3,-1.2,3.2,3.6,3.3,3.3,3.2,6.469860021802159,2.0100149644288567,4.3377377694223105,3.122831559187782,3.7569264335861003
Eswatini,-3.8,6.9,1.4,-0.5,2.5,1.9,18.6,10.0,7.6,9.4,9.9,1.8,3.2,3.1,2.4,4.8,3.8,3.1,2.6,3.0,1.8,1.1,4.4,3.9,3.6,6.0,6.0,4.4,0.8,1.6,3.8,2.2,5.4,3.9,0.9,2.2,1.1,2.0,2.4,2.7,-1.6,7.9,0.5,2.8,2.5,2.6,2.5,2.4,2.4,3.1881285763244547,3.3288019913380613,3.4161859584705727,3.470467413933051,3.5041861440824493
Ethiopia,4.0,0.0,1.0,7.8,-2.3,-11.4,9.7,13.9,0.6,-0.5,2.6,-7.2,-8.9,13.4,3.5,6.1,13.5,2.8,-4.2,6.3,9.8,7.4,1.6,-2.1,11.7,12.6,11.5,11.8,11.2,10.0,10.6,11.4,8.7,9.9,10.3,10.4,8.0,10.2,7.7,9.0,6.1,6.3,6.4,6.1,6.4,6.5,6.7,6.8,7.0,7.472584617318155,7.702502199525074,7.741015012462728,7.7474661796424344,7.748546795541561
Fiji,-1.7,6.0,-1.1,-4.2,10.1,-3.8,6.6,-7.2,3.5,13.9,5.8,-2.7,6.1,2.6,5.1,2.6,4.8,-2.4,1.3,8.7,-1.7,1.9,3.2,0.8,5.4,-1.3,1.9,-0.9,1.0,-1.4,3.0,2.7,1.4,4.7,5.6,4.5,2.4,5.4,3.8,-0.6,-17.0,-5.1,14.5,7.0,5.0,4.8,4.1,3.7,3.5,3.200222391830685,2.906752757424175,2.7032930950633864,2.5622364767468717,2.4644432859982888
Finland,5.7,1.3,3.1,3.1,3.2,3.5,2.7,3.6,5.2,5.1,0.2,-5.9,-3.3,-0.7,4.0,4.2,3.7,6.3,5.5,4.4,5.8,2.6,1.7,2.0,4.0,2.8,4.0,5.3,0.8,-8.1,3.2,2.5,-1.4,-0.9,-0.4,0.5,2.8,3.2,1.1,1.2,-2.4,3.0,2.1,0.0,1.3,1.3,1.3,1.3,1.2,1.3732326017643202,2.0662736175713214,2.082707660650776,2.0830973602006977,2.0831066011244603
France,1.8,1.1,2.5,1.3,1.6,1.7,2.3,2.6,4.6,4.5,2.9,1.1,1.5,-0.7,2.4,2.3,1.4,2.3,3.6,3.3,4.1,1.9,1.2,0.8,2.6,1.7,2.6,2.4,0.2,-2.8,1.8,2.2,0.4,0.7,1.0,1.1,1.0,2.4,1.8,1.9,-7.9,6.8,2.6,0.7,1.3,1.9,1.8,1.6,1.4,1.7689970205916383,1.7252817207891122,1.71576677228294,1.7136957755041444,1.713245008203092
Gabon,0.0,-4.0,4.1,2.0,4.9,5.8,-2.1,-15.4,3.5,15.4,5.1,6.1,-3.1,3.9,3.7,5.0,3.6,5.7,3.5,-8.9,-1.9,2.1,0.2,1.7,1.1,-0.8,-1.9,6.3,1.7,-2.3,6.3,7.1,5.3,5.5,4.4,3.9,2.1,0.5,0.8,3.9,-1.9,1.5,2.8,3.0,3.1,3.0,3.3,3.5,3.5,3.677014647479622,1.1968248315328487,2.6034783132074777,1.8056869486977303,2.258158768927829
"Gambia, The",0.7,-9.5,20.8,13.5,-7.6,3.6,2.4,2.8,1.7,4.3,5.7,2.2,1.8,3.8,-3.4,3.3,2.9,1.4,6.5,6.4,5.5,5.8,-3.2,6.9,7.0,-2.4,-0.6,3.0,6.3,6.7,5.9,-8.1,5.2,2.9,-1.4,4.1,1.9,4.8,7.2,6.2,0.6,4.3,4.4,5.6,6.3,5.8,5.0,5.0,5.0,0.35327047133798795,1.960285034535,2.6281555469495728,2.9057205619582263,3.0210757634900633
Georgia,3.3475344493793417,3.3475344493793417,3.3475344493793417,3.3475344493793417,3.3475344493793417,3.3475344493793417,3.3475344493793417,3.3475344493793417,3.3475344493793417,3.3475344493793417,3.3475344493793417,-21.1,-44.9,-29.3,-10.4,2.6,10.5,10.5,3.1,2.9,1.8,4.8,5.5,11.1,5.8,9.6,9.4,12.6,2.4,-3.7,6.2,7.4,6.4,3.6,4.4,3.0,2.9,4.8,4.8,5.0,-6.8,10.5,10.1,4.0,5.0,5.2,5.2,5.2,5.2,3.0244325644219976,2.526760359934738,2.2817146421717576,2.1610581071019728,2.1016487871271288
Germany,1.3,0.1,-0.8,1.6,2.8,2.2,2.4,1.5,3.7,3.9,5.7,5.0,1.9,-1.0,2.4,1.5,0.8,1.8,2.0,1.9,2.9,1.7,-0.2,-0.7,1.2,0.7,3.8,3.0,1.0,-5.7,4.2,3.9,0.4,0.4,2.2,1.5,2.2,2.7,1.0,1.1,-3.7,2.6,1.8,-0.1,1.1,2.0,1.8,1.2,1.1,1.3518278748784214,1.6075797628564426,1.5418808905556545,1.5587579578403588,1.5544224892066145
Ghana,0.5,-3.8,-8.3,-6.2,9.4,6.4,6.2,6.7,6.5,4.5,3.6,4.8,4.5,4.8,3.5,4.2,4.8,5.8,5.0,4.5,3.6,3.8,4.6,5.1,5.4,6.2,5.8,4.1,9.0,5.7,7.8,13.9,8.4,7.2,2.9,2.1,3.4,8.1,6.2,6.5,0.5,5.4,3.2,1.6,2.9,4.8,5.0,5.0,5.0,2.8317329824722215,3.677072356774797,4.0559112593737865,4.225687941361199,4.301773373846907
Greece,0.7,-1.6,-1.1,-1.1,2.0,2.5,0.5,-2.3,4.3,3.8,0.0,3.1,0.7,-1.6,2.0,2.1,2.9,4.5,3.9,3.1,3.9,4.1,3.9,5.8,5.1,0.6,5.7,3.3,-0.3,-4.3,-5.5,-10.1,-7.1,-2.5,0.5,-0.2,-0.5,1.1,1.7,1.9,-9.0,8.4,5.9,2.6,1.5,1.4,1.4,1.3,1.2,2.2733045907335803,1.846492090822299,1.566949381016176,1.3838616630557286,1.2639475630199488
Grenada,15.1,1.4,4.1,3.3,4.0,6.0,7.4,9.1,2.9,3.8,4.2,1.4,-0.8,-2.0,1.8,2.2,4.4,4.9,11.8,7.0,5.1,-2.0,3.4,9.5,-0.6,13.3,-4.0,6.1,0.9,-6.6,-0.5,0.8,-1.2,2.4,7.3,6.4,3.7,4.4,4.4,0.7,-13.8,4.7,6.0,3.7,4.1,3.6,3.2,2.8,2.8,3.3979399287945364,3.3655916154980248,3.353992174579665,3.3498328532454966,3.348341406021219
Guatemala,3.7,0.6,-3.5,-2.5,0.5,-0.6,0.1,3.6,3.9,3.9,3.1,3.0,4.6,3.4,3.5,4.4,2.8,4.1,4.6,3.7,2.5,2.4,4.2,2.6,3.0,3.1,5.6,6.0,3.7,0.6,2.8,4.4,3.1,3.5,4.4,4.1,2.7,3.1,3.4,4.0,-1.8,8.0,4.0,3.4,3.5,3.6,3.7,3.8,3.9,3.3403487257191347,3.2095020334923596,3.122242051358714,3.0640494875851676,3.025241612592118
Guinea,2.6,0.6,1.8,1.3,1.4,5.0,3.1,3.3,6.3,4.0,4.3,2.5,3.3,5.0,4.0,4.7,4.5,5.2,3.6,3.8,2.5,3.7,5.2,1.2,2.3,3.0,2.5,6.5,4.1,-1.5,4.2,5.6,5.9,3.9,3.7,3.8,10.8,10.3,6.4,5.6,4.9,4.3,4.3,5.6,5.7,5.7,5.5,5.4,5.0,4.811372127827726,4.035500964054196,4.08895461117503,4.085271921929793,4.085525640820972
Guinea-Bissau,3.3475344493793417,-0.5,4.2,-3.4,5.5,4.3,-1.0,5.6,2.0,2.9,4.6,7.3,3.1,2.3,3.0,4.0,3.7,6.0,-22.4,16.8,1.1,4.8,3.7,-0.3,1.2,6.6,2.7,2.6,4.5,2.4,5.6,8.1,-1.7,3.3,1.0,6.1,5.3,4.8,3.8,4.5,1.5,6.4,3.5,4.5,5.0,5.0,5.0,5.0,4.5,1.9668665409582349,3.2733662531461354,3.0933586374466007,3.118159822940602,3.1147427519488136
Guyana,-2.1,0.6,-8.9,-11.5,2.1,0.4,-0.2,-0.1,-6.0,-4.9,-3.0,6.0,7.8,8.2,8.5,5.1,8.0,6.2,-1.7,3.0,-1.3,2.3,1.1,-0.7,1.6,-1.9,5.1,7.0,2.0,3.3,4.4,5.4,5.0,3.7,1.7,0.7,3.8,3.7,4.4,5.4,43.5,20.1,62.3,37.2,45.3,3.4,36.6,3.3,3.3,37.64213599541198,35.895335164508495,34.26189580714582,32.73446114660619,31.306151836130958
Haiti,7.3,1.1,-2.8,-1.5,0.2,0.8,0.3,-0.4,0.6,-1.1,-0.4,1.3,-2.3,-4.9,-11.6,9.9,4.1,2.7,2.2,2.7,0.9,-0.3,1.1,3.5,-1.3,3.1,1.8,4.7,2.7,5.9,-5.7,5.1,0.5,4.3,1.7,2.6,1.8,2.5,1.7,-1.7,-3.3,-1.8,-1.7,0.3,1.2,1.5,1.5,1.5,1.5,0.8012847958598625,0.8296271877512416,0.8354107694707171,0.8365909739373708,0.8368318078445703
Honduras,0.6,-1.2,-2.1,0.9,6.3,5.6,5.3,6.6,1.7,2.7,2.8,-3.3,6.1,6.5,0.2,6.2,1.9,4.6,3.6,-0.7,7.3,2.7,3.8,4.5,6.2,6.1,6.6,6.2,4.2,-2.4,3.7,3.8,4.1,2.8,3.1,3.8,3.9,4.8,3.8,2.7,-9.0,12.5,4.0,3.7,3.5,3.7,3.9,3.9,3.9,3.477847431917413,3.4930590094518266,3.5042761192021987,3.5125476841248533,3.5186471863845528
Hong Kong SAR,10.3,9.2,2.9,6.0,10.0,0.7,11.1,13.4,8.5,2.3,3.8,5.7,6.2,6.2,6.0,2.4,4.3,5.1,-5.9,2.5,7.7,0.6,1.7,3.1,8.7,7.4,7.0,6.5,2.1,-2.5,6.8,4.8,1.7,3.1,2.8,2.4,2.2,3.8,2.8,-1.7,-6.5,6.4,-3.5,3.5,3.1,2.9,2.8,2.7,2.7,2.150457314471121,2.2936488851768684,2.4266940596787165,2.5503118003808005,2.6651701248071067
Hungary,0.2,2.9,2.8,0.7,2.7,-0.3,1.5,4.1,-0.1,0.7,-3.5,-11.9,-3.1,-0.6,2.9,2.5,0.1,3.1,3.9,3.1,4.5,4.1,4.7,4.1,5.0,4.3,3.9,0.3,1.0,-6.6,1.1,1.9,-1.3,1.8,4.2,3.7,2.2,4.3,5.4,4.9,-4.5,7.1,4.9,0.5,3.2,3.3,3.4,3.5,3.5,1.5455965456707288,1.5907125569232092,1.6145938550564716,1.6272349637160584,1.6339262929416214
Iceland,5.7,4.3,2.2,-2.2,4.1,3.3,6.3,8.5,-0.1,0.3,1.2,-0.2,-3.4,1.3,3.6,0.1,4.6,5.8,7.4,4.0,5.0,4.0,0.6,2.1,7.8,6.1,6.3,8.5,2.2,-7.7,-2.8,1.8,1.1,4.6,1.7,4.4,6.3,4.2,4.9,1.8,-7.2,4.3,6.4,2.3,2.1,2.3,2.3,2.3,2.3,3.4581626186161047,2.726137900116682,2.939062969220393,2.8771291520867908,2.895143929402045
India,5.3,6.0,3.5,7.3,3.8,5.3,4.8,4.0,9.6,5.9,5.5,1.1,5.5,4.8,6.7,7.6,7.5,4.0,6.2,8.5,4.0,4.9,3.9,7.9,7.8,9.3,9.3,9.8,3.9,8.5,10.3,6.6,5.5,6.4,7.4,8.0,8.3,6.8,6.5,3.9,-5.8,9.1,6.8,5.9,6.3,6.2,6.1,6.0,6.0,6.0711603192486665,6.087386296228925,6.086978760262629,6.086988996044673,6.086988738960041
Indonesia,9.9,7.6,2.2,4.2,7.6,3.9,7.2,6.6,7.0,9.1,9.0,8.9,6.5,8.0,7.5,8.2,7.8,4.7,-13.1,0.8,5.0,3.6,4.5,4.8,5.0,5.7,5.5,6.3,7.4,4.7,6.4,6.2,6.0,5.6,5.0,4.9,5.0,5.1,5.2,5.0,-2.1,3.7,5.3,5.0,5.1,5.0,5.0,5.0,5.0,5.239148964595176,5.308702341098379,5.3097232926598155,5.309738278878217,5.309738498856079
Iran,-21.6,-5.7,23.2,11.1,-7.1,1.9,-9.8,-0.2,-6.1,6.1,13.6,12.7,3.3,-1.5,-1.7,2.4,6.4,1.4,2.1,2.0,5.8,2.4,8.1,8.6,4.3,3.2,5.0,8.2,0.3,1.0,5.8,2.6,-3.7,-1.5,5.0,-1.4,8.8,2.8,-1.8,-3.1,3.3,4.7,2.5,2.0,2.0,2.0,2.0,2.0,2.0,2.184719720754894,2.286348272080253,2.270661413832768,2.2730827562455795,2.2727090103375347
Iraq,3.3475344493793417,3.3475344493793417,3.3475344493793417,3.3475344493793417,3.3475344493793417,3.3475344493793417,3.3475344493793417,3.3475344493793417,3.3475344493793417,3.3475344493793417,3.3475344493793417,3.3475344493793417,3.3475344493793417,3.3475344493793417,3.3475344493793417,3.3475344493793417,3.3475344493793417,3.3475344493793417,3.3475344493793417,24.8,-4.3,-6.6,-7.8,81.8,53.4,1.7,5.6,1.9,8.2,3.4,6.4,7.5,13.9,7.6,0.7,2.5,15.2,-3.4,4.7,5.8,-15.7,7.7,8.1,3.7,3.1,2.6,2.4,2.2,2.2,6.3324476021789184,6.637082888258371,6.584944876413612,6.593868242823684,6.592341017958926
Ireland,2.9,2.5,1.5,-0.7,3.2,1.9,0.4,3.6,3.0,5.6,7.7,1.6,3.6,2.3,5.9,9.6,9.1,10.7,8.8,10.5,9.4,5.3,5.9,3.0,6.8,5.7,5.0,5.3,-4.5,-5.1,1.7,0.8,0.0,1.1,8.6,24.4,2.0,9.0,8.5,5.4,6.2,13.6,12.0,5.6,4.0,3.6,3.0,3.0,3.0,6.199846197917967,5.818562423967324,5.5829383776271255,5.437328480204859,5.347345125124406
Israel,3.6,4.7,1.4,2.6,2.2,4.5,3.6,7.5,3.6,1.4,6.6,4.6,7.2,3.8,7.0,9.7,5.9,3.8,4.1,3.3,8.7,0.3,-0.1,1.4,4.8,4.1,5.6,6.0,3.3,0.9,5.7,5.6,2.6,4.4,3.9,2.5,4.5,4.3,4.1,4.2,-1.9,8.6,6.4,2.9,3.1,3.4,3.4,3.6,3.6,4.170330394976321,4.190271914082864,4.171753161205305,4.188950657860792,4.172980149848134
Italy,3.1,0.6,0.2,0.9,3.0,2.6,2.7,3.1,4.0,3.3,2.0,1.4,0.7,-0.8,2.1,2.7,1.3,1.8,1.8,1.6,3.8,2.0,0.3,0.1,1.4,0.8,1.8,1.5,-1.0,-5.3,1.7,0.7,-3.0,-1.8,0.0,0.8,1.3,1.7,0.9,0.5,-9.0,7.0,3.7,0.7,0.8,1.2,1.1,1.0,0.9,0.6404891790813596,0.6411060081421392,0.641099614715123,0.6410996809829298,0.6410996802960647
Jamaica,-4.0,4.4,3.1,4.2,0.9,-0.9,7.0,7.7,-4.0,4.7,4.9,0.8,2.8,2.2,1.9,2.5,0.2,-1.6,-1.2,1.0,0.8,1.3,0.7,3.7,1.3,0.9,2.9,1.4,-0.8,-3.4,-1.4,1.4,-0.5,0.2,0.6,0.9,1.5,0.7,1.8,1.0,-9.9,4.6,4.0,2.2,2.0,1.7,1.6,1.6,1.6,1.7355861337976393,0.8447925437714856,1.4060159530084448,1.0524304326340697,1.2751986175684773
Japan,3.2,4.2,3.3,3.5,4.5,5.2,3.3,4.7,6.8,4.9,4.9,3.4,0.8,-0.5,0.9,2.6,3.1,1.0,-1.3,-0.3,2.8,0.4,0.0,1.5,2.2,1.8,1.4,1.5,-1.2,-5.7,4.1,0.0,1.4,2.0,0.3,1.6,0.8,1.7,0.6,-0.4,-4.3,2.1,1.1,1.3,1.0,0.6,0.5,0.4,0.4,1.0723676498297552,1.1595210289606237,1.2364374569741854,1.3043193561886934,1.364227913566789
Jordan,11.1,15.0,5.8,1.4,5.5,-1.1,5.9,2.7,2.9,-10.7,-1.6,-5.7,16.9,4.4,5.0,6.0,1.9,3.7,3.2,3.2,4.2,5.0,6.6,4.0,8.3,8.8,8.5,8.4,7.4,5.0,2.3,2.7,2.4,2.6,3.4,2.5,2.0,2.5,1.9,1.9,-1.6,2.2,2.7,2.7,2.7,3.0,3.0,3.0,3.0,3.4894828659886645,3.727940806733963,3.8588970809836702,3.9308156160165733,3.970311819699158
Kazakhstan,3.3475344493793417,3.3475344493793417,3.3475344493793417,3.3475344493793417,3.3475344493793417,3.3475344493793417,3.3475344493793417,3.3475344493793417,3.3475344493793417,3.3475344493793417,3.3475344493793417,3.3475344493793417,3.3475344493793417,-9.2,-12.6,-8.2,0.5,1.7,-1.9,2.7,9.8,13.5,9.8,9.3,9.6,9.7,10.7,8.9,3.3,1.2,7.3,7.5,5.0,5.9,4.3,1.0,0.9,3.9,4.1,4.5,-2.6,4.1,3.2,4.3,4.9,3.4,1.7,2.7,2.8,4.705627028150891,4.215118024355017,3.9399787213998794,3.785645904989148,3.6990766000390956
Kenya,5.6,4.1,5.1,1.6,1.6,4.1,7.0,5.8,6.1,4.6,4.1,1.3,-1.1,-0.1,2.5,4.3,4.5,0.4,3.0,2.2,0.3,4.0,0.5,2.9,4.6,5.7,5.9,6.9,0.2,3.3,8.1,5.1,4.6,3.8,5.0,5.0,4.2,3.8,5.7,5.1,-0.3,7.5,5.4,5.3,5.4,5.5,5.5,5.5,5.5,4.240411983194595,3.908370393831295,3.873763941971805,3.8701571452672123,3.8697812332112447
Kiribati,0.1,0.2,0.7,-2.7,2.4,-4.5,1.0,0.4,9.1,-3.1,-1.3,0.1,1.3,1.0,1.8,-0.1,1.1,2.0,6.9,-1.8,6.0,-1.4,4.0,2.0,-1.6,5.0,0.0,2.0,-2.1,0.8,-1.1,1.8,5.1,4.2,-1.1,9.9,-0.5,-0.1,5.3,-2.1,-1.4,7.9,1.2,2.5,2.4,2.3,2.1,2.1,2.1,1.009364245349799,1.5005865324283836,1.349947893948934,1.3961428651459802,1.381976676541009
"Korea, Republic of",-1.6,7.2,8.3,13.4,10.6,7.8,11.3,12.7,12.0,7.1,9.9,10.8,6.2,6.9,9.3,9.6,7.9,6.2,-5.1,11.5,9.1,4.9,7.7,3.1,5.2,4.3,5.3,5.8,3.0,0.8,6.8,3.7,2.4,3.2,3.2,2.8,2.9,3.2,2.9,2.2,-0.7,4.1,2.6,1.5,2.4,2.3,2.3,2.2,2.2,2.3183859732210177,2.322455978383727,2.32247621937339,2.322476320036079,2.322476320536696
Kosovo,3.3475344493793417,3.3475344493793417,3.3475344493793417,3.3475344493793417,3.3475344493793417,3.3475344493793417,3.3475344493793417,3.3475344493793417,3.3475344493793417,3.3475344493793417,3.3475344493793417,3.3475344493793417,3.3475344493793417,3.3475344493793417,3.3475344493793417,3.3475344493793417,3.3475344493793417,3.3475344493793417,3.3475344493793417,3.3475344493793417,3.3475344493793417,4.6,-0.4,2.6,0.6,4.5,3.6,8.3,1.8,5.0,4.9,6.3,1.7,5.3,3.3,5.9,5.6,4.8,3.4,4.8,-5.3,10.7,2.7,3.5,3.9,3.9,3.6,3.5,3.5,3.2717735421996585,3.804469603781285,3.468952433776622,3.6802770135636425,3.547174799982322
Kuwait,-20.4,-18.9,-9.5,5.3,5.2,-4.3,8.6,8.1,-10.0,25.9,-26.2,-41.0,82.8,35.1,8.6,1.7,0.6,2.5,3.7,-1.8,4.7,0.2,3.0,17.3,10.8,10.1,7.5,6.0,2.5,-7.1,-2.4,9.6,6.6,1.2,0.5,0.6,2.9,-4.7,2.4,-0.6,-8.9,1.3,8.2,0.9,2.7,2.6,2.7,2.7,2.7,1.3207408499508515,3.787461150593394,2.325183860372687,3.192025096056454,2.6781596801691934
Kyrgyz Republic,3.3475344493793417,3.3475344493793417,3.3475344493793417,3.3475344493793417,3.3475344493793417,3.3475344493793417,3.3475344493793417,3.3475344493793417,3.3475344493793417,3.3475344493793417,3.3475344493793417,3.3475344493793417,3.3475344493793417,-13.0,-19.8,-5.4,7.1,9.9,2.1,3.7,5.4,5.3,0.0,7.0,7.0,-0.2,3.1,8.5,7.6,2.9,-0.5,6.0,-0.1,10.9,4.0,3.9,4.3,4.7,3.5,4.6,-8.6,3.7,7.0,3.5,3.8,4.0,4.0,4.0,4.0,2.7172159118970947,2.7610856699505146,2.7659204406650884,2.766453268036373,2.766511989540318
Lao P.D.R.,10.0,15.3,4.7,3.0,6.4,9.1,4.8,-1.0,-2.1,9.9,6.7,4.0,7.0,5.9,8.2,7.0,6.9,6.9,4.3,4.0,6.4,4.8,6.8,6.2,7.2,6.9,9.0,7.9,7.8,7.4,8.0,8.0,7.8,8.0,7.6,7.3,7.0,6.9,6.3,4.7,-0.4,2.1,2.3,4.0,4.0,4.1,4.2,4.3,4.5,5.9147380979186055,6.145048238364042,6.143573083189094,6.143582531677927,6.143582471159588
Latvia,3.3475344493793417,3.3475344493793417,3.3475344493793417,3.3475344493793417,3.3475344493793417,3.3475344493793417,3.3475344493793417,3.3475344493793417,3.3475344493793417,3.3475344493793417,3.3475344493793417,3.3475344493793417,3.3475344493793417,-11.4,2.2,-2.1,2.6,8.8,6.3,2.8,5.7,6.3,7.1,8.4,8.3,10.7,12.0,9.9,-3.2,-14.3,-4.5,2.6,7.0,2.0,1.9,3.9,2.4,3.3,4.0,2.6,-2.2,4.1,2.0,0.4,2.9,3.4,3.4,3.4,3.4,1.8449940880242592,2.664385401512209,2.8991764923085417,2.966454306229549,2.985732313033972
Lebanon,1.5,0.5,-36.8,22.7,44.5,24.3,-6.8,16.7,-28.2,-42.2,-13.4,38.2,4.5,7.0,8.0,6.5,4.0,10.2,3.9,-0.8,1.1,3.9,3.4,1.7,7.5,0.7,1.5,9.3,9.1,10.2,8.0,0.9,2.6,3.8,2.5,0.5,1.6,0.9,-1.9,-6.9,-25.9,3.3475344493793417,3.3475344493793417,3.3475344493793417,3.3475344493793417,3.3475344493793417,3.3475344493793417,3.3475344493793417,3.3475344493793417,3.2539650284185098,2.350944125504566,2.4499072960973862,2.4390618006031177,2.440250371783806
Lesotho,-0.8,3.1,5.6,3.0,4.3,3.3,4.1,2.1,7.7,5.5,5.2,4.8,6.2,3.8,4.5,2.8,4.9,3.5,1.4,1.6,4.9,3.3,1.6,4.1,2.4,3.1,4.4,5.0,3.8,0.4,5.1,5.1,5.1,1.8,2.1,3.2,1.9,-2.7,-1.3,-2.0,-3.9,2.1,2.1,2.2,2.3,2.6,1.5,1.3,1.1,2.2561856976295083,2.3871155487227504,2.4862999798340084,2.5614360262949334,2.618354490357561
Liberia,3.3475344493793417,3.3475344493793417,3.3475344493793417,3.3475344493793417,3.3475344493793417,3.3475344493793417,3.3475344493793417,3.3475344493793417,3.3475344493793417,3.3475344493793417,3.3475344493793417,3.3475344493793417,3.3475344493793417,3.3475344493793417,3.3475344493793417,3.3475344493793417,3.3475344493793417,3.3475344493793417,3.3475344493793417,3.3475344493793417,3.3475344493793417,2.8,4.4,-29.0,4.0,5.9,8.5,13.1,6.1,5.2,6.4,7.7,8.4,8.8,0.7,0.0,-1.6,2.5,1.2,-2.5,-3.0,5.0,4.8,4.3,5.5,5.7,5.8,5.8,5.4,3.206786682077103,3.0773618907024733,3.055252002717413,3.0514749276955424,3.0508296826481467
Libya,0.6,-20.0,1.5,-4.7,-8.3,0.6,-11.4,-14.7,7.6,7.2,3.7,18.3,-4.5,-5.5,3.2,-15.4,1.8,-2.6,-0.7,-0.2,4.0,2.6,-3.7,16.1,5.8,10.6,0.3,6.2,-0.2,-4.4,5.0,-50.3,86.8,-18.0,-23.0,-0.8,-1.5,32.5,7.9,-11.2,-29.5,28.3,-12.8,17.5,8.4,7.8,5.0,4.8,4.7,-6.243662321325365,0.09564417937314429,0.5729739202665916,0.6089153409119413,0.6116216162753579
Lithuania,3.3475344493793417,3.3475344493793417,3.3475344493793417,3.3475344493793417,3.3475344493793417,3.3475344493793417,3.3475344493793417,3.3475344493793417,3.3475344493793417,3.3475344493793417,3.3475344493793417,3.3475344493793417,3.3475344493793417,3.3475344493793417,3.3475344493793417,3.3475344493793417,5.2,8.3,7.5,-1.1,3.7,6.5,6.8,10.6,6.6,7.7,7.4,11.1,2.6,-14.8,1.7,6.0,3.8,3.6,3.5,2.0,2.5,4.3,4.0,4.6,0.0,6.0,1.9,-0.3,2.7,2.6,2.4,2.2,2.0,4.2118067073104495,3.54020899742288,3.8779700696808757,3.708102691854395,3.7935326848868773
Luxembourg,3.2,0.8,1.0,1.9,4.7,5.6,10.0,4.0,8.5,9.8,5.3,8.6,1.8,4.2,3.8,1.4,1.5,5.9,6.5,8.4,8.4,3.1,3.2,2.6,4.2,2.5,6.0,8.1,-0.3,-3.2,3.8,1.0,1.6,3.2,2.6,2.3,5.0,1.3,1.2,2.3,-0.8,5.1,1.5,1.1,1.7,2.5,2.4,2.3,2.3,2.6095849112829583,3.0037371044473016,3.243009892046259,3.388262076045917,3.4764384088766804
Macao SAR,3.3475344493793417,3.3475344493793417,3.3475344493793417,3.3475344493793417,3.3475344493793417,3.3475344493793417,3.3475344493793417,3.3475344493793417,3.3475344493793417,3.3475344493793417,3.3475344493793417,3.3475344493793417,3.3475344493793417,3.3475344493793417,3.3475344493793417,3.3475344493793417,3.3475344493793417,3.3475344493793417,3.3475344493793417,3.3475344493793417,3.3475344493793417,3.3475344493793417,8.9,11.6,26.6,8.1,13.4,14.5,3.4,1.3,25.1,21.6,9.2,10.8,-2.0,-21.5,-0.7,10.0,6.5,-2.5,-54.2,19.3,-26.8,58.9,20.6,8.6,4.3,3.4,3.4,-22.660558509361785,30.088855272321887,-19.334846560564834,26.97282072415249,-16.415269803805238
Madagascar,0.8,-9.8,-1.9,0.9,1.8,1.2,2.0,1.2,3.4,4.1,3.1,-6.3,1.2,2.1,0.0,1.7,2.2,3.7,3.9,4.7,4.5,6.0,-12.4,9.8,5.3,4.8,5.4,5.7,6.7,-4.0,0.6,1.6,3.0,2.3,3.3,3.1,4.0,3.9,3.2,4.4,-7.1,5.7,4.2,4.2,4.8,4.7,4.7,4.6,4.5,1.7928162668141465,1.904263650985138,1.9623939223162978,1.992714314940765,2.0085292455758648
Malawi,0.4,-5.2,2.5,3.7,5.4,4.6,-0.2,1.6,3.2,1.3,5.7,8.7,-7.3,9.7,-10.3,13.8,10.0,6.6,1.1,3.5,0.8,-4.1,1.8,5.7,5.4,3.3,4.7,9.6,7.6,8.3,6.9,4.9,1.9,5.2,5.7,3.0,2.3,4.0,4.4,5.4,0.9,4.6,0.8,2.4,3.2,3.8,4.3,4.5,4.6,3.286666746325611,3.654219770732589,3.3911018276116187,3.5794584656882877,3.444620747337647
Malaysia,7.4,6.9,5.9,6.3,7.8,-0.9,1.2,5.4,9.9,9.1,9.0,9.5,8.9,9.9,9.2,9.8,10.0,7.3,-7.4,6.1,8.7,0.5,5.4,5.8,6.8,5.0,5.6,6.3,4.8,-1.5,7.5,5.3,5.5,4.7,6.0,5.0,4.4,5.8,4.8,4.4,-5.5,3.1,8.7,4.5,4.5,4.4,4.4,3.9,3.9,5.003448678434227,5.910104210771837,5.254276620355982,5.72866828622022,5.38551795840503
Maldives,18.8,7.9,7.5,4.4,17.4,13.8,8.6,8.9,8.7,9.3,-4.0,6.9,6.5,5.4,7.5,7.4,9.1,10.4,9.8,7.2,4.8,3.5,6.1,25.4,6.0,-13.1,26.1,7.7,9.5,-7.2,7.3,8.6,2.5,7.3,7.3,2.9,6.3,7.2,8.1,6.9,-33.4,41.7,12.3,7.2,5.7,6.5,5.9,5.5,5.1,4.017932357014562,6.914392901807741,7.249239514320377,7.28794960623333,7.292424703665748
Mali,3.3,-4.5,-11.6,3.2,2.4,3.2,6.1,2.5,0.1,10.7,9.3,7.7,-1.6,3.6,3.8,3.0,7.3,4.8,2.9,6.2,-0.1,15.4,3.1,9.1,1.6,6.5,4.7,3.5,4.8,4.7,5.4,3.2,-0.8,2.3,7.1,6.2,5.9,5.3,4.7,4.8,-1.2,3.1,3.7,5.0,5.1,5.3,5.1,5.0,5.0,3.9861585027852717,3.9079112199829233,3.878325638750717,3.8671392232548785,3.862909599011116
Malta,7.0,2.7,0.1,2.6,0.8,2.4,3.8,5.7,6.8,7.1,4.7,5.9,8.1,3.9,4.6,6.9,4.0,4.8,3.4,3.8,-1.0,-1.2,2.6,4.1,0.1,3.4,2.5,4.8,3.8,-1.1,5.5,0.5,4.1,5.5,7.6,9.6,3.4,10.9,6.2,7.0,-8.6,11.8,6.9,3.5,3.5,3.5,3.6,3.5,3.6,4.226388749342021,4.191502577109827,4.168011309123375,4.1521930167656365,4.141541468570825
Marshall Islands,3.3475344493793417,3.3475344493793417,3.3475344493793417,3.3475344493793417,3.3475344493793417,3.3475344493793417,3.3475344493793417,3.3475344493793417,3.3475344493793417,3.3475344493793417,3.3475344493793417,3.3475344493793417,3.3475344493793417,3.3475344493793417,3.3475344493793417,3.3475344493793417,3.3475344493793417,3.3475344493793417,-0.7,-1.1,1.5,6.7,3.7,-1.6,-0.3,2.3,-0.2,3.4,-6.4,2.6,6.8,-0.6,-2.2,3.9,-1.0,1.6,1.4,3.3,3.1,6.8,-1.6,1.7,1.3,3.0,2.0,1.8,1.5,1.5,1.5,2.314198036301188,2.1829462721939166,2.2377707520099843,2.214870308670832,2.224435931671527
Mauritania,3.3475344493793417,3.3475344493793417,3.3475344493793417,3.3475344493793417,3.3475344493793417,3.3475344493793417,3.3475344493793417,3.3475344493793417,3.3475344493793417,3.3475344493793417,3.3475344493793417,0.0,1.8,5.9,-3.1,9.8,5.8,-4.0,2.8,3.7,-3.9,-0.8,1.4,6.9,4.7,8.6,18.3,-2.0,-0.3,0.1,2.6,4.2,4.5,4.2,4.3,5.4,1.3,6.3,4.8,5.4,-0.9,2.4,5.0,4.4,5.1,6.5,4.0,5.1,4.0,4.3232332096199375,2.5509716989446267,3.9439396036244236,2.8490901292211457,3.709623503733231
Mauritius,-10.1,5.9,5.5,0.4,4.8,6.9,9.7,10.2,6.8,4.5,7.2,4.4,6.5,5.1,4.1,4.3,5.6,5.7,6.1,2.6,8.2,3.2,1.6,6.0,4.3,1.5,4.5,5.7,5.4,3.3,4.4,4.1,3.5,3.4,3.8,3.7,3.9,3.9,4.0,2.9,-14.6,3.5,8.3,4.6,4.1,3.6,3.4,3.3,3.3,5.466299412612612,2.973795883697639,4.9574303120102865,3.3787743544397353,4.6351321776364784
Mexico,9.5,8.5,-0.5,-3.5,3.4,2.2,-3.1,1.7,1.3,4.1,5.2,4.2,3.5,2.7,4.9,-6.3,6.8,6.8,5.2,2.8,4.9,-0.4,0.0,1.4,3.9,2.3,4.5,2.3,1.1,-5.3,5.1,3.7,3.6,1.4,2.8,3.3,2.6,2.1,2.2,-0.2,-8.0,4.7,3.1,1.8,1.6,1.9,1.8,1.8,1.8,3.7034935271298304,3.4273183536317138,3.207516392522808,3.0325806751106477,2.893353049150821
"Micronesia, Fed. States of",3.3475344493793417,3.3475344493793417,3.3475344493793417,3.3475344493793417,3.3475344493793417,3.3475344493793417,3.3475344493793417,3.3475344493793417,3.3475344493793417,3.3475344493793417,3.3475344493793417,3.3475344493793417,3.3475344493793417,3.3475344493793417,3.3475344493793417,3.3475344493793417,-3.1,-6.1,2.7,1.5,4.9,2.1,0.6,1.6,-3.1,2.1,-0.1,-1.9,-2.2,1.0,2.3,3.2,-1.9,-3.7,-2.3,4.6,0.9,2.7,0.2,1.2,-1.8,-3.2,-0.6,2.8,2.8,1.3,0.8,0.6,0.6,2.055494237446768,1.5816877503835929,1.4331779944378797,1.3866291433494087,1.3720388861379653
Moldova,3.3475344493793417,3.3475344493793417,3.3475344493793417,3.3475344493793417,3.3475344493793417,3.3475344493793417,3.3475344493793417,3.3475344493793417,3.3475344493793417,3.3475344493793417,3.3475344493793417,-17.5,-29.7,-1.2,-30.9,-1.4,-5.9,1.6,-6.5,-3.4,2.1,6.1,7.8,6.6,7.4,7.5,4.8,3.0,7.8,-6.0,7.1,5.8,-0.6,9.0,5.0,-0.3,4.4,4.2,4.1,3.6,-8.3,13.9,-5.6,2.0,4.3,5.0,5.1,5.1,5.1,-0.6641153719364428,0.5950802081210229,-7.926790563483888e-05,0.2812231822571592,0.14826542613458532
Mongolia,6.4,8.4,8.3,5.8,5.9,5.7,9.4,3.5,5.1,4.2,-2.5,-9.2,-9.3,-3.2,2.1,6.4,2.2,3.9,3.3,3.1,1.1,4.6,5.3,7.4,9.4,6.5,8.2,8.8,7.8,-2.1,7.3,17.3,12.3,11.6,7.9,2.4,1.5,5.6,7.7,5.6,-4.6,1.6,4.8,4.5,5.5,6.0,5.5,5.0,5.0,4.536355808140366,4.582630849310458,4.60096808085672,4.608234504662703,4.611113942313635
Montenegro,3.3475344493793417,3.3475344493793417,3.3475344493793417,3.3475344493793417,3.3475344493793417,3.3475344493793417,3.3475344493793417,3.3475344493793417,3.3475344493793417,3.3475344493793417,3.3475344493793417,3.3475344493793417,3.3475344493793417,3.3475344493793417,3.3475344493793417,3.3475344493793417,3.3475344493793417,3.3475344493793417,3.3475344493793417,3.3475344493793417,3.3475344493793417,1.1,1.9,2.5,4.4,4.2,8.6,6.8,7.2,-5.8,2.7,3.2,-2.7,3.5,1.8,3.4,2.9,4.7,5.1,4.1,-15.3,13.0,6.4,3.2,3.0,3.0,3.0,3.0,3.0,3.0988195722339955,3.1207496323809334,3.1159964647113862,3.1170266763361356,3.1168033860872835
Morocco,3.8,-2.8,9.6,-0.6,4.3,6.3,8.3,-2.5,10.4,2.4,4.0,7.2,-2.1,-0.7,10.6,-5.4,12.4,-1.6,7.2,1.1,1.9,7.3,3.1,6.0,4.8,3.3,7.6,3.5,5.9,4.2,3.8,5.2,3.0,4.5,2.7,4.3,0.5,5.1,3.1,2.9,-7.2,7.9,1.1,3.0,3.1,3.1,3.2,3.4,3.4,4.114121748531783,3.3752916905708483,3.7693624096587572,3.559176413611108,3.6712835831993345
Mozambique,4.2,5.0,-6.9,-15.7,-6.5,1.0,-2.3,14.7,8.2,6.5,1.0,6.6,-6.1,10.6,6.5,2.3,11.2,11.3,9.9,11.7,1.2,12.1,9.3,6.9,7.9,6.6,9.7,7.7,7.3,6.3,6.5,7.4,7.3,7.0,7.4,6.7,3.8,3.7,3.4,2.3,-1.2,2.3,4.1,5.0,8.2,5.1,5.0,15.5,14.5,4.373444453416238,4.199003857299953,4.15043749835649,4.136916040200884,4.133151503706257
Myanmar,3.3475344493793417,3.3475344493793417,3.3475344493793417,3.3475344493793417,3.3475344493793417,3.3475344493793417,3.3475344493793417,3.3475344493793417,3.3475344493793417,3.3475344493793417,3.3475344493793417,3.3475344493793417,3.3475344493793417,3.3475344493793417,3.3475344493793417,3.3475344493793417,3.3475344493793417,3.3475344493793417,3.3475344493793417,8.4,12.4,12.5,9.9,13.2,15.3,13.6,13.3,12.5,7.6,4.4,5.2,5.5,6.5,7.9,8.2,7.5,6.4,5.8,6.4,6.8,3.2,-17.9,2.0,2.6,2.6,2.5,2.6,2.9,3.4,2.722126005357483,3.3473849487449296,3.8141886440837656,4.162693359268568,4.422878824205559
Namibia,3.3475344493793417,3.3475344493793417,3.3475344493793417,3.3475344493793417,3.3475344493793417,3.3475344493793417,3.3475344493793417,3.3475344493793417,3.3475344493793417,3.3475344493793417,3.3475344493793417,5.3,9.3,-1.6,3.0,4.1,3.2,4.2,3.3,3.4,3.5,2.4,6.7,3.5,6.6,4.7,3.9,3.6,2.6,0.3,6.0,5.1,5.1,5.6,6.1,4.3,0.0,-1.0,1.1,-0.8,-8.0,2.7,3.8,2.8,2.6,2.6,2.6,2.6,2.6,3.0436424461728744,3.117682535119795,3.159250538627974,3.182587881143793,3.1956900633449052
Nauru,3.3475344493793417,3.3475344493793417,3.3475344493793417,3.3475344493793417,3.3475344493793417,3.3475344493793417,3.3475344493793417,3.3475344493793417,3.3475344493793417,3.3475344493793417,3.3475344493793417,3.3475344493793417,3.3475344493793417,3.3475344493793417,3.3475344493793417,3.3475344493793417,3.3475344493793417,3.3475344493793417,3.3475344493793417,3.3475344493793417,3.3475344493793417,3.3475344493793417,3.3475344493793417,3.3475344493793417,3.3475344493793417,-8.0,-8.3,-6.8,63.3,-6.0,-0.3,9.3,30.6,5.0,14.7,-5.7,8.0,-5.9,7.2,9.1,4.1,2.7,3.0,1.0,2.0,2.5,2.3,2.2,2.2,5.731501924808618,4.932057083319242,4.705488074341276,4.641276620135602,4.623078584712283
Nepal,-2.3,8.3,3.8,-3.0,9.7,6.1,4.6,1.7,7.7,4.3,4.6,6.4,4.1,3.8,8.2,3.5,5.3,5.3,2.9,4.5,6.1,5.6,0.1,3.9,4.7,3.5,3.4,3.4,6.1,4.5,4.8,3.4,4.7,3.5,6.0,4.0,0.4,9.0,7.6,6.7,-2.4,4.2,5.8,4.4,5.1,5.2,5.2,5.2,5.2,4.620763883625542,4.489658738231306,4.467772431376211,4.46411879576706,4.46350886859877
Netherlands,3.3475344493793417,-0.5,-1.3,1.8,3.1,2.7,3.1,1.9,4.6,4.5,4.2,2.5,1.6,1.3,3.0,2.8,3.5,4.3,4.7,5.0,4.2,2.3,0.2,0.2,2.0,2.0,3.5,3.8,2.2,-3.7,1.3,1.5,-1.0,-0.1,1.4,2.0,2.2,2.9,2.4,2.0,-3.9,4.9,4.5,1.0,1.2,1.5,1.6,1.5,1.6,1.7542722451792374,1.9868546327329182,2.0585721953847376,2.0806865474077623,2.087505582345864
New Zealand,1.0,3.0,2.9,-0.1,6.9,1.2,1.8,2.4,0.6,0.4,0.0,-1.3,0.7,5.2,5.6,4.9,4.1,2.5,0.4,4.5,4.2,2.5,4.7,4.4,4.8,3.2,2.8,3.5,-0.3,-1.1,1.8,1.8,2.5,2.3,3.8,3.7,3.9,3.5,3.5,3.1,-1.5,6.1,2.4,1.1,0.8,2.4,2.4,2.5,2.5,2.3211322004112995,2.4592107542759147,2.5168085159956832,2.5408347102327697,2.5508569401299446
Nicaragua,4.6,5.4,-0.8,4.6,-1.6,-4.1,-1.0,-0.7,-12.4,-1.7,-0.1,-0.2,0.4,-0.4,5.0,5.9,6.3,4.0,3.7,7.0,4.1,3.0,0.8,2.5,5.3,4.3,3.8,5.1,3.4,-3.3,4.4,6.3,6.5,4.9,4.8,4.8,4.6,4.6,-3.4,-3.8,-1.8,10.3,4.0,3.0,3.3,3.5,3.5,3.5,3.5,2.7002652046343805,2.5325077730471794,2.451817640325991,2.4130062597691864,2.394338261465974
Niger,4.9,-0.2,2.2,-3.9,-16.8,7.7,6.4,0.1,6.9,1.0,-1.3,-0.4,2.0,0.3,1.9,2.5,0.1,1.5,10.0,-0.2,-1.2,7.3,4.9,2.2,0.4,7.3,5.9,3.1,7.7,2.0,8.6,2.4,10.5,5.3,6.6,4.4,5.7,5.0,7.0,6.1,3.5,1.4,11.1,6.1,13.0,6.7,6.2,6.0,6.0,5.654437726328617,5.697149223348121,5.693054909072778,5.693447389097011,5.693409766052207
Nigeria,3.3475344493793417,3.3475344493793417,3.3475344493793417,3.3475344493793417,3.3475344493793417,3.3475344493793417,3.3475344493793417,3.3475344493793417,3.3475344493793417,3.3475344493793417,3.3475344493793417,-0.6,2.2,1.6,0.3,1.9,4.1,2.9,2.5,0.5,5.5,6.7,14.6,9.5,10.4,7.0,6.7,7.3,7.2,8.4,11.3,4.9,4.3,5.4,6.3,2.7,-1.6,0.8,1.9,2.2,-1.8,3.6,3.3,3.2,3.0,3.0,3.0,3.0,3.0,3.4463008610444494,3.5884439831519597,3.6963025385912114,3.7781458793660345,3.8402488103936654
North Macedonia ,3.3475344493793417,3.3475344493793417,3.3475344493793417,3.3475344493793417,3.3475344493793417,3.3475344493793417,3.3475344493793417,3.3475344493793417,3.3475344493793417,3.3475344493793417,3.3475344493793417,3.3475344493793417,3.3475344493793417,-7.5,-1.8,-1.1,1.2,1.4,3.4,4.3,4.5,-3.1,1.5,2.2,4.7,4.7,5.1,6.5,5.5,-0.4,3.4,2.3,-0.5,2.9,3.6,3.9,2.8,1.1,2.9,3.9,-4.7,3.9,2.2,1.4,3.6,3.9,3.8,3.8,3.5,2.161582038349233,2.282687320725015,2.329490274837123,2.3475779789458757,2.3545682436873308
Norway,4.5,1.6,0.2,4.0,6.1,5.6,4.0,1.8,-0.3,1.0,1.9,3.1,3.6,2.8,5.1,4.2,5.0,5.3,2.7,2.1,3.3,2.1,1.4,0.9,4.0,2.7,2.5,2.9,0.5,-1.9,0.8,1.1,2.7,1.0,2.0,1.9,1.2,2.5,0.8,1.1,-1.3,3.9,3.3,2.1,2.5,1.8,1.5,1.3,1.4,2.214633719714,2.36587612712439,2.4129860246583106,2.4276600997649993,2.43223086921067
Oman,6.1,17.1,11.5,15.9,13.9,14.5,2.1,-4.0,5.2,3.0,8.4,6.0,8.5,6.1,3.8,4.8,2.9,6.2,2.7,0.3,6.2,4.6,-0.8,-2.2,2.0,2.8,4.7,5.0,9.0,6.0,2.5,2.9,8.9,5.2,1.3,5.0,5.0,0.3,1.3,-1.1,-3.2,2.9,4.3,1.7,5.2,2.3,2.5,2.6,2.6,3.0616004086642095,3.799004562557839,4.2072116171077925,4.433184034681651,4.558276271415461
Pakistan,6.9,6.2,7.6,6.8,4.0,8.7,6.4,5.8,6.4,4.8,4.6,5.1,7.6,2.1,4.4,5.1,6.6,1.7,3.5,4.2,3.9,2.0,3.1,4.7,7.5,9.0,5.8,5.5,5.0,0.4,2.6,3.6,3.8,3.7,4.1,4.1,4.6,4.6,6.1,3.1,-0.9,5.7,6.0,0.5,3.5,4.4,4.8,5.0,5.0,3.4312834538605377,4.919698194151833,4.649427745337638,4.698504197972023,4.689592760507282
Palau,3.3475344493793417,3.3475344493793417,3.3475344493793417,3.3475344493793417,3.3475344493793417,3.3475344493793417,3.3475344493793417,3.3475344493793417,3.3475344493793417,3.3475344493793417,3.3475344493793417,3.3475344493793417,3.3475344493793417,3.3475344493793417,3.3475344493793417,3.3475344493793417,3.3475344493793417,3.3475344493793417,3.3475344493793417,3.3475344493793417,3.3475344493793417,6.5,5.1,-3.4,4.1,3.7,0.0,0.9,-5.3,-6.8,-1.7,4.1,1.9,-1.6,4.4,9.6,3.7,-3.4,0.0,0.4,-7.5,-12.1,-2.9,8.7,9.6,4.9,3.5,3.2,3.2,6.796099759581262,2.4477898231663784,1.9883774512413155,1.939839115528331,1.9347108904787655
Panama,4.5,9.2,5.3,-4.5,2.7,4.9,3.6,-1.8,-13.4,1.6,8.1,9.4,8.2,5.5,2.8,1.8,7.4,6.5,7.3,3.9,2.7,0.6,2.2,4.2,7.5,7.2,8.5,12.1,9.9,1.2,5.8,11.3,9.8,6.9,5.1,5.7,5.0,5.6,3.7,3.0,-17.9,15.3,10.0,5.0,4.0,4.0,4.0,4.0,4.0,4.83178461723668,4.574996334891454,4.631468228062802,4.619049146127947,4.621780302946732
Papua New Guinea,-2.3,1.1,0.8,3.4,-1.0,3.6,5.7,2.8,2.9,-1.4,-3.1,9.6,13.8,13.3,10.5,-3.4,6.6,-6.3,4.7,1.9,-2.5,-0.1,-0.2,9.0,0.6,4.3,2.5,7.8,-0.3,6.8,10.1,1.1,4.7,3.8,13.5,6.6,5.5,3.5,-0.3,4.5,-3.2,0.1,4.5,3.7,4.4,3.1,3.1,3.0,3.1,3.4197940251142716,3.3792486188610016,3.3639523368753124,3.358181615498785,3.356004535785122
Paraguay,11.7,9.2,-1.4,-3.0,2.8,3.9,0.3,4.1,5.9,5.8,4.1,3.5,1.7,4.9,5.3,6.8,1.6,4.2,0.1,-1.4,-2.3,-0.8,0.0,4.3,4.1,2.1,4.8,5.4,6.5,-0.3,11.1,4.3,-0.7,8.3,5.3,3.0,4.3,4.8,3.2,-0.4,-0.8,4.0,0.2,4.5,3.5,3.5,3.5,3.5,3.5,4.331817581219134,3.0388355338927937,3.4220106543035005,3.308456739765117,3.342108432738214
Peru,7.7,5.5,-0.3,-9.3,3.8,2.1,12.1,7.7,-9.4,-13.4,-5.1,2.2,-0.5,5.2,12.3,7.4,2.8,6.5,-0.4,1.5,2.7,0.6,5.5,4.2,5.0,6.3,7.5,8.5,9.1,1.1,8.3,6.3,6.1,5.9,2.4,3.3,4.0,2.5,4.0,2.2,-11.0,13.6,2.7,2.4,3.0,3.0,3.0,3.0,3.0,3.165926080247539,3.236155273287028,3.2412907826456756,3.2416663167395665,3.2416937776681376
Philippines,5.1,3.4,3.6,1.9,-7.3,-7.3,3.4,4.3,6.8,6.2,3.0,-0.4,0.4,2.2,4.4,4.6,5.9,5.2,-0.5,3.3,4.4,3.0,3.7,5.1,6.6,4.9,5.3,6.5,4.3,1.4,7.3,3.9,6.9,6.8,6.3,6.3,7.1,6.9,6.3,6.1,-9.5,5.7,7.6,6.0,5.8,6.1,6.2,6.3,6.4,4.363279901641071,3.8555269571050874,3.8242987158443857,3.822378090739734,3.8222599668671204
Poland,-6.0,-10.0,-4.8,5.6,-0.4,3.9,3.5,2.3,3.3,3.8,-7.2,-7.0,2.0,4.3,5.2,6.7,6.2,7.1,5.0,4.5,4.3,1.2,1.4,3.5,5.0,3.5,6.1,7.1,4.2,2.8,2.9,5.0,1.5,0.9,3.8,4.4,3.0,5.1,5.9,4.4,-2.0,6.8,4.9,0.3,2.4,3.7,3.4,3.1,3.1,1.1654276527632081,2.187578011693123,2.405121496400801,2.451421111056618,2.4612750228855917
Portugal,6.7,3.5,2.2,1.0,-1.0,1.6,3.3,7.6,5.3,6.6,7.9,3.4,3.1,-0.7,1.5,2.3,3.5,4.4,4.8,3.9,3.8,1.9,0.8,-0.9,1.8,0.8,1.6,2.5,0.3,-3.1,1.7,-1.7,-4.1,-0.9,0.8,1.8,2.0,3.5,2.8,2.7,-8.3,5.5,6.7,1.0,1.7,2.1,1.9,1.9,1.9,1.7983614933336387,2.0431472907086676,2.1285552360986175,2.1583548291058743,2.1687521725771837
Puerto Rico,3.3475344493793417,1.1,-3.0,0.5,7.3,2.1,8.2,4.9,6.5,4.9,3.8,2.3,4.6,4.6,4.2,4.5,2.3,4.9,6.5,4.4,3.3,9.5,2.2,2.3,2.0,-2.0,-1.4,-1.2,-1.8,-2.0,-0.4,-0.4,0.0,-0.3,-1.2,-1.0,-1.3,-2.9,-4.4,1.7,-4.4,0.2,4.8,0.4,-1.6,-1.0,-0.5,-0.5,-0.5,1.3898274516214248,1.2414499943271653,1.2636921232932248,1.26035797597756,1.2608577724826302
Qatar,-1.0,-3.9,-8.2,-5.3,16.0,-13.0,3.7,0.9,4.7,5.3,-14.6,-1.5,10.4,-0.9,1.9,0.4,4.2,27.7,10.3,3.8,6.9,4.5,6.9,4.0,19.2,7.8,28.1,18.2,17.5,13.1,17.7,11.3,4.7,5.6,5.3,4.8,3.1,-1.5,1.2,0.7,-3.6,1.6,4.2,2.4,1.8,3.3,2.9,3.7,3.6,2.7606258184069326,2.9402877640710914,3.096325885674265,3.231846489681082,3.349547433025423
Romania,3.3,0.1,3.9,6.0,6.0,-0.1,2.4,0.8,-0.5,-5.8,-5.6,-12.9,-8.8,1.5,3.9,7.1,3.9,-6.1,-4.8,-1.2,2.9,5.1,5.7,2.3,10.3,4.7,8.0,7.2,9.4,-5.6,-3.9,4.5,1.9,0.2,4.1,3.2,2.9,8.2,6.0,3.8,-3.7,5.9,4.8,2.4,3.7,3.8,3.7,3.6,3.5,2.0007202200885157,1.9579638250696425,1.9418427355269583,1.9357643575924173,1.9334725349325845
Russian Federation,3.3475344493793417,3.3475344493793417,3.3475344493793417,3.3475344493793417,3.3475344493793417,3.3475344493793417,3.3475344493793417,3.3475344493793417,3.3475344493793417,3.3475344493793417,3.3475344493793417,-5.0,-14.5,-8.7,-12.7,-4.1,-3.6,1.4,-5.3,6.4,10.0,5.1,4.7,7.3,7.2,6.4,8.2,8.5,5.2,-7.8,4.5,5.1,4.0,1.8,0.7,-2.0,0.2,1.8,2.8,2.2,-2.7,5.6,-2.1,0.7,1.3,1.0,0.8,0.8,0.7,0.8429039573170793,1.06760941079055,1.2233812964507085,1.331366572228567,1.406224880166497
Rwanda,-3.6,2.5,-2.5,6.0,13.0,4.4,5.5,-0.3,0.3,-5.7,0.4,-4.3,6.6,-10.4,-41.9,24.5,11.6,14.9,8.3,3.3,8.4,8.5,13.2,2.2,7.4,9.4,9.2,7.7,11.2,6.2,7.3,8.0,8.6,4.7,6.2,8.9,6.0,4.0,8.6,9.5,-3.4,10.9,6.8,6.2,7.5,7.5,6.8,6.2,7.3,6.467433304724994,3.3217932050195405,5.881340298269135,3.7986858575478686,5.493301881959124
Saint Kitts and Nevis,1.3,2.7,6.1,-2.1,9.7,6.4,8.8,8.3,10.4,6.0,5.5,2.3,3.1,5.4,5.4,3.5,5.9,7.3,1.0,3.9,9.7,5.3,1.4,-3.9,4.0,9.7,3.2,0.6,11.2,-3.4,0.0,1.6,-0.5,5.7,7.6,0.7,3.9,0.9,1.1,4.0,-14.5,-0.9,9.0,4.5,3.8,3.0,2.7,2.7,2.7,3.819657220765715,3.6126900550246352,3.7252492933363666,3.6640338726006587,3.6973259221210326
Saint Lucia,-0.5,5.1,2.1,4.1,8.0,12.6,14.4,3.9,13.9,9.0,9.9,0.4,8.0,0.6,1.6,1.7,2.9,-0.7,6.3,2.7,0.0,-3.4,0.4,4.3,7.3,-0.4,6.2,1.9,4.9,-1.9,0.5,4.8,-0.4,-2.2,1.3,-0.2,3.8,3.4,2.9,-0.7,-24.4,12.2,14.9,3.0,2.2,2.0,1.7,1.5,1.5,2.9693635291849096,3.31322358884172,3.250446558928629,3.2619074872162654,3.259815115573386
Saint Vincent and the Grenadines,2.9,3.9,2.6,3.2,5.3,4.3,5.4,0.6,13.2,3.3,4.8,2.2,7.1,3.6,-1.2,6.8,1.1,3.7,4.5,2.1,1.8,1.6,4.9,6.1,3.7,2.3,6.5,3.1,0.4,-1.2,-4.3,-0.6,1.1,2.5,1.1,2.8,4.1,1.5,3.2,0.7,-3.7,0.8,5.3,6.0,5.0,3.9,2.8,2.7,2.7,3.3422369043093116,3.222373011593562,3.1409015984603204,3.0855255297582307,3.047886450393258
Samoa,-6.1,-9.1,-1.0,0.5,2.0,5.8,4.8,0.5,2.9,5.8,-6.4,-2.4,4.1,1.7,6.4,6.6,7.3,0.8,1.1,-0.6,5.1,7.4,5.7,5.2,3.1,6.6,2.1,0.5,3.6,-0.5,2.5,3.8,-3.7,0.1,0.7,3.9,8.0,1.4,-0.6,4.5,-3.1,-7.1,-6.0,5.0,3.6,3.4,3.0,2.6,2.3,5.384404015487593,0.8945170642168788,1.8963302316059647,1.6727990751989847,1.7226748200096293
San Marino,3.3475344493793417,3.3475344493793417,3.3475344493793417,3.3475344493793417,3.3475344493793417,3.3475344493793417,3.3475344493793417,3.3475344493793417,3.3475344493793417,3.3475344493793417,3.3475344493793417,3.3475344493793417,3.3475344493793417,3.3475344493793417,3.3475344493793417,3.3475344493793417,3.3475344493793417,3.3475344493793417,7.5,9.0,2.2,5.5,0.3,3.9,4.6,2.4,3.8,7.1,-0.4,-10.1,-5.8,-8.5,-7.2,-0.8,-0.6,2.7,2.3,0.3,1.5,2.1,-6.7,8.3,4.6,1.2,1.0,1.3,1.3,1.3,1.3,2.0895819666044444,2.088567934895826,2.087871774796383,2.08739384212432,2.087065728463098
Saudi Arabia,5.7,1.9,-20.7,-16.1,-4.7,-9.8,17.0,-6.6,13.1,-0.5,15.2,15.0,4.0,-1.4,0.6,0.2,2.6,1.1,2.9,-3.8,5.6,-1.2,-2.8,11.2,8.0,5.6,2.8,1.8,6.2,-2.1,5.0,11.0,5.4,2.9,4.0,4.7,2.4,-0.1,2.8,0.8,-4.3,3.9,8.7,3.1,3.1,3.0,3.0,3.0,3.0,2.8211747387977235,2.571173802153386,2.4465717753168374,2.384469347621283,2.35351711013689
Senegal,-0.8,5.1,7.8,-5.3,3.7,3.3,3.1,6.1,-0.6,4.0,-0.7,2.6,1.2,1.3,-0.2,6.1,1.9,2.7,6.0,6.0,3.9,4.3,0.1,5.6,4.6,4.3,2.3,2.8,3.7,2.8,3.4,1.3,4.0,2.4,6.2,6.4,6.4,7.4,6.2,4.6,1.3,6.1,4.7,8.3,10.6,4.8,5.1,5.0,6.5,4.404277889646399,4.347356950639155,4.294544793643537,4.245544830270217,4.200081881071117
Serbia,3.3475344493793417,3.3475344493793417,3.3475344493793417,3.3475344493793417,3.3475344493793417,3.3475344493793417,3.3475344493793417,3.3475344493793417,3.3475344493793417,3.3475344493793417,3.3475344493793417,3.3475344493793417,3.3475344493793417,3.3475344493793417,3.3475344493793417,3.3475344493793417,3.3475344493793417,3.3475344493793417,2.4,-12.1,7.8,5.0,7.1,4.4,9.0,10.2,5.1,6.4,5.7,-2.7,0.7,2.0,-0.7,2.9,-1.6,1.8,3.3,2.1,4.5,4.3,-0.9,7.5,2.3,2.0,3.0,4.5,4.0,4.0,4.0,3.623105042558342,3.5632631696725063,3.5117479902645385,3.467400887116581,3.4292244587275658
Seychelles,-2.3,-3.9,-2.1,-0.6,4.3,10.3,0.8,4.9,5.3,10.3,7.5,2.8,7.2,7.3,-2.4,0.5,10.0,12.2,2.5,1.9,4.3,-2.3,1.2,-5.9,-2.9,9.0,9.4,10.4,-2.1,-1.1,6.3,5.7,3.8,6.4,4.7,5.6,5.4,4.5,3.2,3.1,-7.7,7.9,8.8,3.9,3.9,3.8,3.8,3.7,3.6,3.8902717173563137,3.510321222793178,3.5927546096852763,3.5748700079496856,3.5787502194913925
Sierra Leone,-0.6,1.9,1.8,-1.6,1.7,-6.7,0.1,2.4,2.1,5.0,1.6,-8.0,-9.6,0.1,3.5,-10.0,-24.8,-17.6,-0.8,-8.1,3.8,18.2,26.4,9.3,6.6,4.5,4.2,8.1,5.4,3.2,5.3,6.3,15.2,20.7,4.6,-20.5,6.4,3.8,3.5,5.3,-2.0,4.1,2.8,3.1,4.8,5.2,4.6,4.5,4.6,2.918542673040121,2.0380788027718753,1.871305568767073,1.839716184444072,1.8337326751126073
Singapore,10.1,10.8,7.1,8.6,8.8,-0.6,1.3,10.8,11.3,10.2,9.8,6.7,6.6,11.5,11.1,7.2,7.5,8.3,-2.2,5.7,9.0,-1.1,3.9,4.5,9.9,7.4,9.0,9.0,1.9,0.1,14.5,6.2,4.4,4.8,3.9,3.0,3.6,4.5,3.6,1.3,-3.9,8.9,3.6,1.5,2.1,2.5,2.5,2.5,2.5,3.5877103966239656,3.8165440442210024,3.8416264686593937,3.844375749730224,3.8446770980478475
Slovak Republic,3.3475344493793417,3.3475344493793417,3.3475344493793417,3.3475344493793417,3.3475344493793417,3.3475344493793417,3.3475344493793417,3.3475344493793417,3.3475344493793417,3.3475344493793417,3.3475344493793417,3.3475344493793417,3.3475344493793417,3.3475344493793417,6.2,7.9,6.9,4.4,4.1,-0.1,1.2,3.3,4.5,5.5,5.3,6.6,8.5,10.8,5.6,-5.5,6.7,2.7,1.3,0.6,2.7,5.2,1.9,2.9,4.0,2.5,-3.4,3.0,1.7,1.3,2.7,2.9,2.8,2.7,2.7,3.0857582660574776,3.5251395237759398,3.5158980369233004,3.516092412713681,3.51608832441615
Slovenia,3.3475344493793417,3.3475344493793417,3.3475344493793417,3.3475344493793417,3.3475344493793417,3.3475344493793417,3.3475344493793417,3.3475344493793417,3.3475344493793417,3.3475344493793417,3.3475344493793417,3.3475344493793417,3.3475344493793417,2.8,5.3,4.1,3.6,5.0,3.3,5.3,3.7,3.2,3.5,3.0,4.4,3.8,5.7,7.0,3.5,-7.5,1.3,0.9,-2.6,-1.0,2.8,2.2,3.2,4.8,4.5,3.5,-4.3,8.2,5.4,1.6,2.1,2.8,2.9,3.0,3.0,3.466967342799253,2.718159448374249,3.3107280586134786,2.8417992980393336,3.21288574894808
Solomon Islands,-2.7,-1.8,-1.7,3.9,0.2,-3.1,-0.2,8.4,1.3,4.3,2.2,6.0,12.7,4.0,8.1,10.1,1.6,-0.9,1.3,-0.5,-14.3,-8.0,-2.8,6.5,6.7,5.5,4.9,4.4,5.8,2.6,8.6,7.3,1.4,5.2,1.2,1.7,5.6,3.1,2.7,1.7,-3.4,-0.6,-4.1,2.5,2.4,3.0,3.0,3.0,3.0,2.3983856779661896,2.2535340851501844,2.1850763846118713,2.1527228794008777,2.1374324257162414
Somalia,3.3475344493793417,3.3475344493793417,3.3475344493793417,3.3475344493793417,3.3475344493793417,3.3475344493793417,3.3475344493793417,3.3475344493793417,3.3475344493793417,3.3475344493793417,3.3475344493793417,3.3475344493793417,3.3475344493793417,3.3475344493793417,3.3475344493793417,3.3475344493793417,3.3475344493793417,3.3475344493793417,3.3475344493793417,3.3475344493793417,3.3475344493793417,3.3475344493793417,3.3475344493793417,3.3475344493793417,3.3475344493793417,3.3475344493793417,3.3475344493793417,3.3475344493793417,3.3475344493793417,3.3475344493793417,3.3475344493793417,3.3475344493793417,1.2,5.7,2.7,4.6,4.7,2.2,3.7,2.7,-0.3,2.9,1.7,2.8,3.7,3.9,4.0,4.1,4.3,3.1293245208287557,3.160156625986807,3.180046652501574,3.1928778605144608,3.20115537080072
South Africa,6.6,5.4,-0.4,-1.8,5.1,-1.2,0.0,2.1,4.2,2.4,-0.3,-1.0,-2.1,1.2,3.2,3.1,4.3,2.6,0.5,2.4,4.2,2.7,3.7,2.9,4.6,5.3,5.6,5.4,3.2,-1.5,3.0,3.2,2.4,2.5,1.4,1.3,0.7,1.2,1.5,0.3,-6.3,4.9,2.0,0.1,1.8,1.6,1.4,1.4,1.4,1.9550380484797083,2.0972187583379154,2.0648140083236126,2.0721994533993664,2.0705162187210275
"South Sudan, Republic of",3.3475344493793417,3.3475344493793417,3.3475344493793417,3.3475344493793417,3.3475344493793417,3.3475344493793417,3.3475344493793417,3.3475344493793417,3.3475344493793417,3.3475344493793417,3.3475344493793417,3.3475344493793417,3.3475344493793417,3.3475344493793417,3.3475344493793417,3.3475344493793417,3.3475344493793417,3.3475344493793417,3.3475344493793417,3.3475344493793417,3.3475344493793417,3.3475344493793417,3.3475344493793417,3.3475344493793417,3.3475344493793417,3.3475344493793417,3.3475344493793417,3.3475344493793417,3.3475344493793417,3.3475344493793417,3.3475344493793417,3.3475344493793417,-50.3,27.3,1.6,-0.2,-13.3,-5.8,-2.1,0.9,-6.5,5.3,6.6,5.6,4.6,4.6,4.4,4.4,4.4,0.04130233255109239,1.8135582202638614,1.6730158879152541,1.6841610884017808,1.6832772586559022
Spain,1.2,-0.4,1.2,1.7,1.7,2.4,3.4,5.7,5.3,5.0,3.8,2.5,0.9,-1.3,2.3,4.1,2.4,3.9,4.5,4.7,5.1,3.9,2.7,3.0,3.1,3.7,4.1,3.6,0.9,-3.8,0.2,-0.8,-3.0,-1.4,1.4,3.8,3.0,3.0,2.3,2.0,-11.3,5.5,5.5,1.5,2.0,2.0,1.7,1.7,1.6,1.8515959361033472,2.079367421059497,2.1014945961669746,2.10364417111632,2.1038529945400244
Sri Lanka,5.8,5.3,5.2,3.3,6.7,5.0,4.3,1.5,2.7,2.3,6.2,10.8,-3.1,7.5,8.0,6.1,12.2,10.3,-1.6,2.9,8.4,-1.9,3.7,5.9,5.4,6.2,7.7,6.8,6.0,3.5,8.0,8.7,8.6,4.1,6.4,4.2,5.1,6.5,2.3,-0.2,-3.5,3.3,-8.7,-3.0,1.5,2.6,3.0,3.1,3.1,-2.6203025288549617,-2.669003608607129,-2.662757069324488,-2.663558268254946,-2.6634555041967816
Sudan,2.5,6.3,4.1,-1.5,-5.6,-0.6,9.9,6.5,4.3,1.4,0.8,7.0,5.5,2.8,3.5,8.9,5.5,6.1,8.2,4.2,8.4,10.9,5.9,6.3,5.1,5.6,6.5,5.7,3.8,-2.8,3.9,-3.2,-17.0,2.0,4.7,4.9,4.7,0.8,-2.3,-2.5,-3.6,0.5,-2.5,1.2,2.7,3.0,3.0,3.0,3.0,4.469671306803773,2.6877115135327507,2.9225554988395257,2.8916054753636704,2.895684370345395
Suriname,-6.5,1.9,-6.3,-5.1,-3.0,-0.9,-2.4,-8.8,10.8,2.3,-1.5,-13.8,3.9,-2.2,-7.0,11.3,11.2,7.0,2.2,-0.9,-0.1,4.9,3.7,6.2,7.3,4.9,5.8,5.1,4.1,3.0,5.2,5.8,2.7,2.9,0.3,-3.4,-4.9,1.6,4.9,1.1,-15.9,-2.7,1.3,2.3,3.0,3.0,3.0,3.0,3.0,1.1968326454478027,0.8572092567307246,0.830312762545498,0.8281826931112678,0.8280140021375151
Sweden,4.6,4.5,1.4,2.1,4.3,2.3,3.0,3.3,2.5,2.7,0.8,-1.1,-0.9,-1.8,3.9,3.9,1.6,3.1,4.3,4.2,4.8,1.4,2.2,2.3,4.3,2.9,4.7,3.4,-0.5,-4.3,6.0,3.2,-0.6,1.2,2.7,4.5,2.1,2.6,2.0,2.0,-2.2,5.4,2.6,-0.5,1.0,2.6,2.3,2.3,2.3,2.093583712256044,2.370180102847276,2.263006887544926,2.3045334528543724,2.2884430927626758
Switzerland,5.1,1.6,-1.3,0.6,3.1,3.7,1.8,1.5,3.3,4.4,3.7,-0.9,-0.1,-0.1,1.3,0.6,0.5,2.2,2.9,1.6,4.1,1.6,-0.1,-0.1,2.6,2.8,4.2,3.9,2.7,-2.3,3.2,1.9,1.2,1.8,2.3,1.6,2.1,1.4,2.9,1.2,-2.5,4.2,2.1,0.8,1.8,1.2,1.8,1.2,1.8,1.811353802550183,1.805154972851706,1.8072371105371334,1.8065377370179445,1.8067726510309638
Syria,10.5,8.5,2.6,1.6,-6.5,7.3,-4.8,1.3,12.7,-6.1,10.4,10.7,13.2,7.4,5.5,5.4,3.0,-1.1,5.6,-3.1,2.3,3.7,5.9,-2.0,6.9,6.2,5.0,5.7,4.5,5.9,3.4,3.3475344493793417,3.3475344493793417,3.3475344493793417,3.3475344493793417,3.3475344493793417,3.3475344493793417,3.3475344493793417,3.3475344493793417,3.3475344493793417,3.3475344493793417,3.3475344493793417,3.3475344493793417,3.3475344493793417,3.3475344493793417,3.3475344493793417,3.3475344493793417,3.3475344493793417,3.3475344493793417,3.3475892306921198,3.3475690464236894,3.34757648335193,3.3475737432029944,3.3475747528155586
SÃ£o TomÃ© and PrÃ­ncipe,-1.1,-10.3,3.1,-3.9,-6.0,9.3,-5.8,-2.9,2.0,3.1,-2.2,1.2,0.7,1.1,2.2,2.0,1.5,1.0,2.5,2.5,0.4,2.4,2.4,6.6,3.8,7.1,9.1,3.3,8.2,2.4,6.7,4.4,3.1,4.8,6.5,3.8,4.2,3.9,3.0,2.2,3.0,1.9,0.9,2.0,2.5,3.3,3.6,3.6,3.7,2.2027453298540185,2.1577344827085194,2.11502990014602,2.074513413843458,2.03607291018315
Taiwan Province of China,8.0,7.1,4.8,9.0,10.0,4.8,11.5,12.8,8.0,8.7,5.5,8.4,8.3,6.8,7.5,6.5,6.2,6.1,4.2,6.7,6.3,-1.4,5.5,4.2,7.0,5.4,5.8,6.9,0.8,-1.6,10.2,3.7,2.2,2.5,4.7,1.5,2.2,3.3,2.8,3.1,3.4,6.5,2.5,2.1,2.6,2.2,2.6,2.4,2.4,3.3765470816078156,3.27551996500966,3.2835153444478253,3.282882582724906,3.28293266007284
Tajikistan,3.3475344493793417,3.3475344493793417,3.3475344493793417,3.3475344493793417,3.3475344493793417,3.3475344493793417,3.3475344493793417,3.3475344493793417,3.3475344493793417,3.3475344493793417,3.3475344493793417,3.3475344493793417,3.3475344493793417,-11.1,-21.4,-12.5,-4.4,1.7,5.3,3.7,8.3,10.2,9.1,10.2,10.6,6.7,7.0,7.8,7.9,3.9,6.5,7.4,7.5,7.4,6.7,6.0,6.9,7.1,7.6,7.4,4.4,9.4,8.0,5.0,4.5,4.0,4.0,4.0,4.0,4.960057756029059,4.66198813378466,4.47872708147572,4.366053361019084,4.296778590839667
Tanzania,3.3,0.5,0.6,2.4,3.4,4.6,6.6,5.9,4.4,3.8,7.0,2.1,0.6,1.2,1.6,3.6,4.5,3.5,3.7,4.8,4.9,6.0,7.2,6.9,7.8,7.4,4.7,8.5,5.6,5.4,6.4,7.9,5.1,6.8,6.7,6.2,6.9,6.8,7.0,7.0,4.8,4.9,4.7,5.2,6.2,6.4,6.8,7.0,7.0,5.432914938713805,5.5576454179185975,5.624441015180711,5.66021135649622,5.679367069900609
Thailand,4.6,5.9,5.4,5.6,5.8,4.6,5.5,9.5,13.3,12.2,11.6,8.4,9.2,8.7,8.0,8.1,5.7,-2.8,-7.6,4.6,4.5,3.4,6.1,7.2,6.3,4.2,5.0,5.4,1.7,-0.7,7.5,0.8,7.2,2.7,1.0,3.1,3.4,4.2,4.2,2.1,-6.2,1.6,2.6,3.4,3.6,3.3,3.1,3.0,3.1,3.930619647677021,4.236366788482957,4.414779519198474,4.518888759263524,4.57963965872823
Timor-Leste,3.3475344493793417,3.3475344493793417,3.3475344493793417,3.3475344493793417,3.3475344493793417,3.3475344493793417,3.3475344493793417,3.3475344493793417,3.3475344493793417,3.3475344493793417,3.3475344493793417,3.3475344493793417,3.3475344493793417,3.3475344493793417,3.3475344493793417,3.3475344493793417,3.3475344493793417,3.3475344493793417,3.3475344493793417,3.3475344493793417,3.3475344493793417,16.3,-6.7,-2.2,0.4,3.0,-4.1,10.3,11.4,10.1,9.3,6.0,4.9,3.1,4.5,2.8,3.4,-3.1,-0.7,2.1,-8.3,2.9,3.3,2.2,3.1,3.1,3.0,3.0,3.0,2.9442098604893387,3.0641751433550777,3.1275480526241357,3.1610254515289413,3.178710235932215
Togo,-2.3,-3.4,-3.7,-5.2,5.9,3.7,3.3,-2.5,10.1,4.1,5.9,-0.6,-3.2,-16.3,13.9,19.7,-3.9,3.8,-2.3,2.5,-1.0,0.8,3.8,6.7,-1.0,-4.7,2.7,-1.2,4.1,5.5,6.1,6.4,6.5,6.1,5.9,5.7,5.6,4.3,5.0,5.5,1.8,5.3,5.4,5.5,5.5,5.5,5.5,5.5,5.5,3.090180484208796,2.6210163221838823,2.7673502235652916,2.7217081809142014,2.735944089597687
Tonga,15.8,14.0,12.8,5.8,44.1,5.6,8.8,1.7,-3.5,1.1,4.7,5.9,-3.8,-0.1,2.0,7.9,0.1,-0.6,2.3,2.3,3.8,1.5,4.5,0.1,-1.9,-0.4,-2.2,-2.5,4.8,-5.2,0.8,6.8,0.8,0.3,2.0,1.2,6.6,3.3,0.2,0.7,0.5,-2.7,-2.0,2.5,2.8,2.6,1.8,1.8,1.8,1.6016431605164594,1.874657441624688,2.120560332015501,2.342044099300866,2.5415336583416517
Trinidad and Tobago,10.4,4.6,3.8,-10.3,-5.8,-4.1,-3.3,-4.6,-3.9,-0.8,1.5,3.1,10.1,-0.7,3.6,3.8,7.1,7.5,8.1,8.0,6.9,3.7,7.2,13.9,7.3,5.9,14.2,4.3,3.3,-4.8,3.5,-0.2,4.5,3.8,3.3,-0.8,-6.8,-4.7,-0.9,0.1,-7.7,-1.0,2.5,3.2,2.3,2.7,2.0,1.6,1.5,2.7627534046436146,2.71347730519168,2.6782337779217102,2.6530267053602814,2.634997962032466
Tunisia,7.4,5.5,-0.5,4.7,5.7,5.7,-1.5,6.7,0.1,2.6,7.1,4.1,8.0,2.5,3.6,2.7,6.9,5.7,5.0,6.0,4.3,3.8,1.3,4.7,6.2,3.5,5.2,6.7,4.2,3.0,3.5,-2.0,4.2,2.4,3.1,1.0,1.1,2.2,2.6,1.6,-8.8,4.4,2.5,1.3,1.9,2.3,2.6,2.6,2.6,2.2269403504734635,2.3140762793247966,2.3940154144236536,2.4673521585726266,2.5346318212274808
Turkmenistan,3.3475344493793417,3.3475344493793417,3.3475344493793417,3.3475344493793417,3.3475344493793417,3.3475344493793417,3.3475344493793417,3.3475344493793417,3.3475344493793417,3.3475344493793417,3.3475344493793417,3.3475344493793417,3.3475344493793417,-10.0,-17.3,-7.2,-6.7,-11.3,6.7,16.5,18.6,20.4,15.8,17.1,14.7,13.0,11.0,11.1,14.7,6.1,16.2,12.9,6.1,-0.3,3.8,3.0,-1.0,4.7,0.9,-3.4,-2.9,4.6,1.8,2.3,2.1,2.6,2.3,2.3,2.3,2.768386858859849,2.39076123158073,2.6952128012192733,2.449756053690692,2.6476496463525385
Tuvalu,3.3475344493793417,3.3475344493793417,3.3475344493793417,3.3475344493793417,3.3475344493793417,3.3475344493793417,3.3475344493793417,3.3475344493793417,3.3475344493793417,3.3475344493793417,3.3475344493793417,3.3475344493793417,3.3475344493793417,3.3475344493793417,3.3475344493793417,3.3475344493793417,3.3475344493793417,3.3475344493793417,3.3475344493793417,3.3475344493793417,3.3475344493793417,0.7,8.3,-4.4,-1.9,-3.7,1.3,6.9,6.6,-5.6,-2.5,7.5,-2.9,3.8,1.7,9.4,4.7,3.3,1.4,13.8,-4.3,1.8,0.7,4.3,3.1,2.6,2.4,2.2,2.2,2.668339220276607,2.730598836121131,2.743910503742677,2.7467566583882346,2.7473651919316437
"TÃ¼rkiye, Republic of",-0.8,4.4,3.4,4.8,6.8,4.3,6.9,10.0,2.1,0.3,9.3,0.9,6.0,8.0,-5.5,7.2,7.0,7.5,3.1,-3.3,6.9,-5.8,6.4,5.8,9.8,9.0,6.9,5.0,0.8,-4.8,8.4,11.2,4.8,8.5,4.9,6.1,3.3,7.5,3.0,0.8,1.9,11.4,5.6,2.7,3.6,3.0,3.0,3.0,3.0,3.5625425231656696,3.891996767441108,4.119129499398666,4.275719614180653,4.383676154993176
Uganda,-3.4,3.9,8.2,4.9,-3.0,-3.0,0.9,4.0,8.3,6.4,6.5,1.8,5.9,6.7,7.7,9.2,6.6,4.6,6.1,8.0,3.9,8.8,7.1,6.2,5.8,10.0,7.0,8.1,10.4,8.1,7.5,7.7,2.3,3.9,5.7,8.0,0.2,6.8,5.5,7.8,-1.3,6.0,4.9,5.7,5.7,7.5,6.9,6.8,6.3,5.421325036015668,5.325546423822514,5.293712903688448,5.283132535264625,5.279615984298462
Ukraine,3.3475344493793417,3.3475344493793417,3.3475344493793417,3.3475344493793417,3.3475344493793417,3.3475344493793417,3.3475344493793417,3.3475344493793417,3.3475344493793417,3.3475344493793417,3.3475344493793417,3.3475344493793417,-9.9,-14.2,-22.9,-12.2,-10.0,-3.0,-1.9,-0.2,5.9,8.8,5.3,9.5,11.8,3.1,7.6,8.2,2.2,-15.1,4.1,5.5,0.2,0.0,-6.6,-9.8,2.4,2.4,3.5,3.2,-3.8,3.4,-30.3,-3.0,3.3475344493793417,3.3475344493793417,3.3475344493793417,3.3475344493793417,3.3475344493793417,-4.22014663963604,-2.8452956879976035,-1.974086569703677,-1.4220228518919682,-1.072193698219977
United Arab Emirates,-1.8,8.0,-7.2,-5.2,4.5,-2.5,-19.3,5.3,-2.6,15.7,23.6,2.1,3.1,0.0,7.4,6.6,5.3,8.6,0.8,3.8,12.3,1.3,2.5,8.8,9.6,4.9,9.8,3.2,3.2,-5.2,1.6,6.9,4.8,5.1,4.2,6.8,5.6,0.7,1.3,1.1,-5.0,3.9,7.4,3.5,3.9,4.0,4.2,4.3,4.3,3.47301521859628,3.475847941745917,3.4743236779222157,3.4751438711008333,3.4747025322461083
United Kingdom,-2.2,-0.9,1.7,3.9,1.9,3.7,2.6,5.2,5.2,2.2,0.6,-1.7,0.0,2.1,3.5,2.1,1.9,4.5,3.2,3.0,4.1,2.2,1.8,3.1,2.3,2.7,2.2,2.6,-0.2,-4.5,2.4,1.1,1.4,1.8,3.2,2.4,2.2,2.4,1.7,1.6,-11.0,7.6,4.0,-0.3,1.0,2.2,2.0,1.8,1.5,2.525919526967261,2.4406206604694103,2.3668128892521527,2.302948182536545,2.2476870535713482
United States,-0.3,2.5,-1.8,4.6,7.2,4.2,3.5,3.5,4.2,3.7,1.9,-0.1,3.5,2.8,4.0,2.7,3.8,4.4,4.5,4.8,4.1,1.0,1.7,2.8,3.9,3.5,2.8,2.0,0.1,-2.6,2.7,1.5,2.3,1.8,2.3,2.7,1.7,2.2,2.9,2.3,-2.8,5.9,2.1,1.6,1.1,1.8,2.1,2.1,2.1,2.396215806032548,2.4835203754023243,2.513199594177712,2.52328905494106,2.526718970642869
Uruguay,6.0,1.9,-9.4,-5.9,-1.5,0.3,7.5,5.9,0.5,1.1,0.3,3.5,7.9,2.7,7.3,-1.4,5.6,5.0,4.5,-1.9,-1.9,-3.8,-7.7,0.8,5.0,7.5,4.1,6.5,7.2,4.2,7.8,5.2,3.5,4.6,3.2,0.4,1.7,1.6,0.5,0.4,-6.1,4.4,4.9,2.0,2.9,2.6,2.4,2.2,2.2,2.014712200943023,2.1534444305312803,2.2040701292161455,2.222544288933303,2.229285817171353
Uzbekistan,3.3475344493793417,3.3475344493793417,3.3475344493793417,3.3475344493793417,3.3475344493793417,3.3475344493793417,3.3475344493793417,3.3475344493793417,3.3475344493793417,3.3475344493793417,3.3475344493793417,3.3475344493793417,-11.1,-2.3,-5.2,-0.9,1.7,5.2,4.3,4.3,3.8,4.2,4.0,4.2,7.4,7.0,7.5,9.5,9.0,8.1,7.1,7.5,7.1,7.3,6.9,7.2,5.9,4.4,5.9,6.0,2.0,7.4,5.7,5.3,5.5,5.5,5.5,5.5,5.5,5.465020845088434,5.3921043811785685,5.424323406031274,5.410087038730983,5.416377550465443
Vanuatu,5.5,4.4,2.0,3.0,9.6,1.0,-0.1,-2.9,-1.7,1.5,11.7,3.1,2.6,0.7,9.1,1.0,2.3,4.9,1.2,0.3,5.9,-3.4,-5.2,4.3,4.0,5.3,8.5,2.9,5.6,3.0,1.3,3.1,1.0,0.5,3.1,0.4,4.7,6.3,2.9,3.2,-5.0,0.6,1.9,3.5,3.6,3.9,3.1,3.0,2.5,2.852474722301663,2.6419324989540742,2.6907430164675055,2.679427155059527,2.682050538828596
Venezuela,-4.9,-1.3,2.6,-9.9,5.2,0.9,6.1,4.8,6.5,-13.9,6.5,9.7,6.1,0.3,-2.3,4.0,-0.2,6.4,0.3,-6.0,3.7,3.4,-8.9,-7.8,18.3,10.3,9.9,8.8,5.3,-3.2,-1.5,4.2,5.6,1.3,-3.9,-6.2,-17.0,-15.7,-19.7,-27.7,-30.0,0.5,8.0,5.0,4.5,3.3475344493793417,3.3475344493793417,3.3475344493793417,3.3475344493793417,1.9780482787763018,0.4748326757603364,-0.2165037549518365,-0.5344528631642069,-0.6806792602150658
Vietnam,-3.5,5.8,8.2,7.1,8.4,5.6,3.4,2.5,5.1,7.8,5.0,5.8,8.7,8.1,8.8,9.5,9.3,8.2,5.8,4.8,6.8,6.9,7.1,7.3,7.8,7.5,7.0,7.1,5.7,5.4,6.4,6.4,5.5,5.6,6.4,7.0,6.7,6.9,7.5,7.4,2.9,2.6,8.0,5.8,6.9,6.8,6.7,6.7,6.7,3.7993514331042944,5.913677720776552,6.082887157131121,6.096428980603861,6.0975127321186555
West Bank and Gaza,3.3475344493793417,3.3475344493793417,3.3475344493793417,3.3475344493793417,3.3475344493793417,3.3475344493793417,3.3475344493793417,3.3475344493793417,3.3475344493793417,3.3475344493793417,3.3475344493793417,3.3475344493793417,3.3475344493793417,3.3475344493793417,3.3475344493793417,7.1,1.2,14.7,14.3,8.3,-8.6,-9.3,-12.5,14.0,21.9,11.3,-1.0,3.8,7.4,8.6,5.8,9.6,6.1,4.7,-0.2,3.7,8.9,1.4,1.2,1.4,-11.3,7.0,4.0,3.5,2.7,2.4,2.0,2.0,2.0,4.185227477093078,4.040441449741065,4.02770073373589,4.026579590713367,4.026480933646021
Yemen,3.3475344493793417,3.3475344493793417,3.3475344493793417,3.3475344493793417,3.3475344493793417,3.3475344493793417,3.3475344493793417,3.3475344493793417,3.3475344493793417,3.3475344493793417,3.3475344493793417,6.3,8.2,4.0,6.7,5.7,4.6,5.2,6.0,3.8,6.2,3.8,3.9,3.7,4.0,5.6,3.2,3.3,3.6,3.9,7.7,-12.7,2.4,4.8,-0.2,-28.0,-9.4,-5.1,0.8,1.4,-8.5,-1.0,1.5,-0.5,2.0,7.0,6.5,6.0,5.5,-0.1805028881843429,0.061271681384543975,0.2720855448709145,0.45590340924472517,0.6161822766026734
Zambia,3.9,6.6,-2.9,-1.1,-1.7,1.2,1.7,1.5,9.3,-3.7,-0.6,-0.7,2.1,-0.1,-13.3,2.9,6.2,3.8,-0.4,4.7,3.9,5.3,4.5,6.9,7.0,7.2,7.9,8.4,7.8,9.2,10.3,5.6,7.6,5.1,4.7,2.9,3.8,3.5,4.0,1.4,-2.8,4.6,3.4,4.0,4.1,4.6,4.7,5.0,5.1,3.1958512467667277,3.1536838671641285,3.151472724144382,3.1513567778015013,3.1513506978897508
Zimbabwe,3.3475344493793417,3.3475344493793417,3.3475344493793417,3.3475344493793417,3.3475344493793417,3.3475344493793417,3.3475344493793417,3.3475344493793417,3.3475344493793417,3.3475344493793417,3.3475344493793417,3.3475344493793417,3.3475344493793417,3.3475344493793417,3.3475344493793417,3.3475344493793417,3.3475344493793417,3.3475344493793417,3.3475344493793417,-1.1,-4.2,-0.5,-7.7,-16.2,-6.3,-7.4,-3.6,-3.4,-16.3,7.4,19.7,14.2,16.7,2.0,2.4,1.8,0.5,5.0,4.7,-6.1,-7.8,8.5,3.0,2.5,2.6,2.7,2.8,2.9,2.9,5.087165571996538,1.2428129710434561,1.7851331322261437,1.7086284023654381,1.7194208716667738
